"strategy"wins","draws","losses","score","points","
"4, 17, 17, 17, 4, 17, 17, 3, 4",7106,659,4331,7435.5,9
"4, 17, 17, 17, 4, 17, 17, 3, 4",7106,659,4331,7435.5,9
"4, 3, 17, 17, 4, 17, 17, 17, 4",7081,680,4335,7421,9
"4, 16, 17, 4, 4, 17, 17, 17, 4",7028,718,4350,7387,9
"4, 17, 17, 3, 3, 18, 17, 17, 4",7055,658,4383,7384,9
"3, 17, 17, 17, 6, 17, 3, 17, 3",7052,657,4387,7380.5,9
"5, 17, 17, 17, 5, 17, 4, 17, 1",7064,632,4400,7380,9
"5, 18, 18, 0, 5, 0, 18, 18, 18",7130,414,4552,7337,9
"5, 17, 3, 17, 4, 17, 3, 17, 17",7046,568,4482,7330,9
"5, 3, 3, 17, 5, 17, 17, 16, 17",6970,654,4472,7297,9
"4, 17, 17, 17, 4, 4, 17, 4, 16",6986,597,4513,7284.5,9
"5, 5, 17, 17, 3, 16, 17, 16, 4",6892,782,4422,7283,9
"3, 18, 18, 17, 3, 18, 3, 17, 3",6958,650,4488,7283,9
"3, 18, 18, 17, 3, 17, 17, 4, 3",6943,672,4481,7279,9
"3, 18, 17, 3, 3, 18, 17, 18, 3",6947,663,4486,7278.5,9
"4, 17, 15, 17, 7, 17, 2, 17, 4",6923,710,4463,7278,9
"3, 17, 3, 18, 3, 18, 17, 18, 3",6957,632,4507,7273,9
"3, 18, 3, 18, 3, 18, 17, 17, 3",6931,656,4509,7259,9
"4, 4, 17, 4, 3, 17, 17, 17, 17",6934,631,4531,7249.5,9
"4, 4, 16, 4, 4, 17, 17, 17, 17",6919,658,4519,7248,9
"3, 18, 18, 18, 3, 18, 18, 2, 2",6962,559,4575,7241.5,9
"5, 16, 16, 16, 5, 16, 5, 16, 5",6796,879,4421,7235.5,9
"4, 4, 4, 17, 3, 17, 17, 17, 17",6914,627,4555,7227.5,9
"3, 3, 3, 17, 7, 17, 17, 17, 16",6906,642,4548,7227,9
"2, 17, 17, 17, 7, 4, 17, 17, 2",6935,579,4582,7224.5,9
"6, 16, 16, 16, 6, 16, 16, 2, 6",6824,799,4473,7223.5,9
"3, 16, 3, 17, 3, 17, 20, 18, 3",6831,768,4497,7215,9
"4, 16, 2, 2, 6, 19, 19, 16, 16",6885,651,4560,7210.5,9
"2, 17, 2, 17, 6, 17, 17, 5, 17",6923,549,4624,7197.5,9
"3, 17, 3, 18, 3, 18, 3, 18, 17",6918,554,4624,7195,9
"6, 4, 3, 16, 6, 16, 16, 17, 16",6836,703,4557,7187.5,9
"3, 17, 3, 17, 3, 18, 18, 3, 18",6883,607,4606,7186.5,9
"4, 17, 17, 3, 18, 17, 3, 17, 4",6901,569,4626,7185.5,9
"4, 17, 17, 4, 17, 3, 17, 17, 4",6893,574,4629,7180,9
"3, 18, 18, 18, 3, 2, 18, 2, 18",6912,525,4659,7174.5,9
"3, 18, 3, 18, 3, 18, 3, 18, 16",6885,569,4642,7169.5,9
"5, 17, 20, 5, 5, 17, 21, 5, 5",6943,436,4717,7161,9
"3, 2, 18, 19, 2, 18, 18, 18, 2",6886,544,4666,7158,9
"17, 4, 17, 17, 4, 16, 17, 4, 4",6828,655,4613,7155.5,8
"3, 20, 17, 3, 3, 17, 3, 17, 17",6821,665,4610,7153.5,8
"17, 4, 17, 17, 3, 17, 4, 17, 4",6837,628,4631,7151,8
"2, 18, 18, 18, 2, 18, 3, 18, 3",6882,535,4679,7149.5,8
"4, 18, 21, 17, 3, 1, 16, 3, 17",6827,636,4633,7145,8
"4, 16, 21, 16, 3, 16, 16, 4, 4",6711,863,4522,7142.5,8
"2, 18, 18, 18, 2, 19, 2, 18, 3",6871,533,4692,7137.5,8
"17, 17, 4, 17, 3, 17, 4, 17, 4",6841,592,4663,7137,8
"15, 17, 17, 3, 6, 17, 16, 3, 6",6824,618,4654,7133,8
"6, 15, 16, 16, 6, 16, 16, 4, 5",6695,874,4527,7132,8
"4, 17, 4, 17, 17, 17, 4, 17, 3",6840,582,4674,7131,8
"2, 18, 18, 3, 3, 18, 2, 18, 18",6871,509,4716,7125.5,8
"4, 16, 4, 4, 17, 17, 17, 17, 4",6802,641,4653,7122.5,8
"4, 18, 18, 18, 1, 18, 4, 18, 1",6844,553,4699,7120.5,8
"6, 16, 16, 6, 6, 16, 2, 16, 16",6744,746,4606,7117,8
"4, 4, 17, 16, 17, 4, 17, 17, 4",6798,636,4662,7116,8
"2, 18, 3, 18, 3, 18, 18, 3, 17",6845,540,4711,7115,8
"4, 17, 4, 17, 17, 16, 4, 17, 4",6801,623,4672,7112.5,8
"5, 16, 16, 16, 5, 5, 5, 16, 16",6705,813,4578,7111.5,8
"5, 5, 16, 5, 5, 16, 16, 16, 16",6701,819,4576,7110.5,8
"16, 16, 0, 16, 4, 16, 0, 16, 16",6679,855,4562,7106.5,8
"5, 16, 5, 16, 5, 16, 5, 16, 16",6700,811,4585,7105.5,8
"5, 19, 5, 19, 5, 19, 5, 19, 4",6903,402,4791,7104,8
"3, 2, 3, 18, 3, 19, 18, 16, 18",6788,627,4681,7101.5,8
"3, 3, 18, 3, 17, 18, 18, 17, 3",6801,595,4700,7098.5,8
"2, 18, 3, 18, 2, 18, 19, 18, 2",6823,524,4749,7085,8
"19, 17, 3, 17, 3, 17, 3, 18, 3",6794,573,4729,7080.5,8
"17, 4, 17, 17, 4, 3, 4, 17, 17",6802,548,4746,7076,8
"3, 17, 3, 18, 18, 18, 3, 17, 3",6799,552,4745,7075,8
"2, 2, 19, 18, 2, 18, 18, 19, 2",6811,521,4764,7071.5,8
"1, 18, 18, 18, 2, 19, 18, 3, 3",6783,574,4739,7070,8
"17, 4, 17, 3, 4, 4, 17, 17, 17",6793,552,4751,7069,8
"18, 19, 19, 18, 5, 18, 1, 1, 1",6837,460,4799,7067,8
"2, 18, 18, 20, 2, 18, 18, 2, 2",6797,540,4759,7067,8
"2, 19, 17, 2, 3, 2, 18, 19, 18",6794,541,4761,7064.5,8
"7, 21, 3, 1, 5, 20, 19, 18, 6",6887,352,4857,7063,8
"18, 3, 17, 17, 4, 3, 17, 3, 18",6788,541,4767,7058.5,8
"3, 17, 17, 4, 17, 3, 16, 17, 6",6747,610,4739,7052,8
"7, 17, 6, 17, 7, 17, 5, 17, 7",6870,361,4865,7050.5,7
"5, 4, 20, 20, 3, 20, 20, 4, 4",6797,507,4792,7050.5,7
"18, 18, 2, 18, 3, 18, 2, 19, 2",6828,443,4825,7049.5,7
"16, 17, 17, 0, 17, 0, 0, 17, 16",6772,554,4770,7049,7
"8, 17, 6, 17, 6, 17, 6, 17, 6",6864,351,4881,7039.5,7
"5, 17, 5, 2, 17, 3, 17, 17, 17",6792,493,4811,7038.5,7
"16, 16, 16, 0, 3, 1, 16, 16, 16",6576,924,4596,7038,7
"3, 18, 18, 18, 1, 3, 18, 3, 18",6752,570,4774,7037,7
"18, 2, 18, 3, 3, 18, 2, 18, 18",6803,442,4851,7024,7
"3, 3, 21, 17, 16, 17, 17, 3, 3",6684,677,4735,7022.5,7
"19, 1, 1, 1, 5, 19, 18, 18, 18",6805,434,4857,7022,7
"2, 18, 3, 18, 2, 18, 2, 18, 19",6777,486,4833,7020,7
"17, 5, 17, 5, 2, 17, 17, 17, 3",6703,632,4761,7019,7
"7, 16, 3, 16, 8, 16, 15, 16, 3",6577,880,4639,7017,7
"17, 4, 17, 5, 3, 17, 17, 3, 17",6723,585,4788,7015.5,7
"4, 20, 4, 20, 4, 20, 4, 20, 4",6778,469,4849,7012.5,7
"6, 16, 15, 16, 6, 15, 16, 5, 5",6547,928,4621,7011,7
"4, 18, 4, 18, 2, 18, 14, 18, 4",6685,639,4772,7004.5,7
"3, 3, 21, 3, 5, 21, 20, 20, 4",6742,524,4830,7004,7
"16, 5, 16, 16, 5, 16, 5, 16, 5",6603,790,4703,6998,7
"2, 18, 3, 18, 18, 18, 2, 18, 3",6764,468,4864,6998,7
"16, 17, 0, 17, 17, 17, 0, 16, 0",6699,596,4801,6997,7
"17, 0, 0, 17, 15, 17, 0, 17, 17",6715,563,4818,6996.5,7
"2, 2, 2, 18, 2, 18, 18, 19, 19",6748,494,4854,6995,7
"0, 17, 17, 0, 17, 17, 0, 16, 16",6673,640,4783,6993,7
"16, 16, 1, 16, 2, 16, 1, 16, 16",6533,912,4651,6989,7
"17, 0, 17, 17, 15, 17, 0, 0, 17",6701,569,4826,6985.5,7
"17, 17, 17, 17, 16, 16, 0, 0, 0",6667,631,4798,6982.5,7
"3, 4, 17, 4, 17, 4, 17, 17, 17",6699,563,4834,6980.5,7
"1, 17, 1, 17, 12, 17, 1, 17, 17",6675,607,4814,6978.5,7
"5, 19, 5, 5, 5, 19, 21, 3, 18",6788,379,4929,6977.5,7
"16, 16, 16, 1, 2, 1, 16, 16, 16",6520,915,4661,6977.5,7
"17, 16, 0, 0, 17, 16, 0, 17, 17",6650,654,4792,6977,7
"5, 5, 16, 16, 16, 16, 16, 5, 5",6584,785,4727,6976.5,7
"1, 16, 17, 0, 0, 17, 16, 17, 16",6564,825,4707,6976.5,7
"4, 16, 16, 16, 0, 16, 16, 16, 0",6466,1020,4610,6976,7
"15, 17, 16, 6, 6, 16, 2, 16, 6",6635,680,4781,6975,7
"17, 0, 17, 0, 15, 17, 17, 17, 0",6656,625,4815,6968.5,7
"4, 16, 4, 17, 18, 4, 17, 4, 16",6673,583,4840,6964.5,6
"17, 17, 17, 17, 17, 4, 3, 4, 4",6717,494,4885,6964,6
"17, 16, 17, 0, 0, 0, 17, 16, 17",6611,698,4787,6960,6
"17, 0, 18, 16, 15, 0, 0, 17, 17",6669,581,4846,6959.5,6
"1, 16, 16, 16, 2, 16, 16, 1, 16",6434,1051,4611,6959.5,6
"17, 4, 17, 17, 17, 3, 17, 4, 4",6692,534,4870,6959,6
"13, 16, 16, 0, 7, 16, 0, 16, 16",6545,826,4725,6958,6
"17, 5, 17, 17, 2, 17, 3, 5, 17",6673,564,4859,6955,6
"16, 16, 1, 17, 1, 16, 1, 16, 16",6505,900,4691,6955,6
"5, 16, 5, 16, 16, 16, 5, 16, 5",6570,768,4758,6954,6
"5, 16, 5, 16, 16, 16, 5, 16, 5",6570,768,4758,6954,6
"5, 16, 5, 16, 16, 16, 5, 16, 5",6570,768,4758,6954,6
"5, 16, 5, 16, 16, 16, 5, 16, 5",6570,768,4758,6954,6
"2, 16, 1, 16, 1, 16, 16, 16, 16",6426,1055,4615,6953.5,6
"1, 16, 16, 16, 2, 16, 16, 16, 1",6389,1128,4579,6953,6
"1, 16, 16, 16, 2, 16, 16, 16, 1",6389,1128,4579,6953,6
"17, 17, 4, 3, 17, 17, 4, 17, 4",6694,513,4889,6950.5,6
"5, 16, 16, 5, 16, 5, 16, 16, 5",6566,767,4763,6949.5,6
"17, 17, 16, 0, 0, 0, 17, 16, 17",6614,670,4812,6949,6
"3, 20, 4, 16, 3, 17, 1, 21, 15",6592,714,4790,6949,6
"17, 0, 17, 17, 0, 16, 17, 0, 16",6609,675,4812,6946.5,6
"0, 0, 0, 17, 16, 17, 17, 16, 17",6623,645,4828,6945.5,6
"0, 17, 16, 16, 17, 17, 0, 17, 0",6596,699,4801,6945.5,6
"16, 16, 16, 16, 1, 16, 1, 17, 1",6447,996,4653,6945,6
"2, 3, 18, 18, 3, 3, 20, 15, 18",6612,662,4822,6943,6
"17, 16, 0, 17, 0, 16, 17, 17, 0",6570,739,4787,6939.5,6
"16, 16, 1, 1, 1, 16, 16, 17, 16",6488,902,4706,6939,6
"0, 16, 17, 17, 0, 17, 17, 16, 0",6536,781,4779,6926.5,6
"1, 16, 16, 16, 1, 17, 16, 16, 1",6377,1099,4620,6926.5,6
"20, 1, 17, 1, 3, 19, 19, 19, 1",6640,571,4885,6925.5,6
"1, 16, 16, 17, 1, 16, 16, 1, 16",6406,1039,4651,6925.5,6
"18, 17, 17, 16, 16, 16, 0, 0, 0",6604,643,4849,6925.5,6
"17, 17, 17, 17, 17, 4, 4, 4, 3",6666,513,4917,6922.5,6
"1, 16, 16, 16, 1, 16, 16, 17, 1",6365,1115,4616,6922.5,6
"0, 16, 16, 17, 0, 17, 17, 17, 0",6526,792,4778,6922,6
"1, 16, 16, 16, 1, 16, 17, 16, 1",6364,1116,4616,6922,6
"1, 16, 16, 16, 1, 16, 17, 16, 1",6364,1116,4616,6922,6
"4, 19, 17, 19, 19, 1, 1, 1, 19",6692,458,4946,6921,6
"2, 3, 16, 15, 6, 15, 18, 18, 7",6521,799,4776,6920.5,5
"1, 16, 16, 17, 1, 16, 16, 16, 1",6361,1116,4619,6919,5
"4, 18, 4, 22, 4, 23, 4, 17, 4",6700,433,4963,6916.5,5
"0, 17, 17, 17, 0, 16, 17, 16, 0",6537,758,4801,6916,5
"2, 2, 18, 18, 19, 2, 18, 19, 2",6696,438,4962,6915,5
"1, 16, 16, 16, 0, 17, 17, 16, 1",6424,977,4695,6912.5,5
"16, 16, 2, 16, 1, 16, 1, 16, 16",6445,934,4717,6912,5
"1, 16, 16, 16, 1, 16, 16, 16, 2",6344,1136,4616,6912,5
"1, 16, 16, 16, 1, 16, 16, 16, 2",6344,1136,4616,6912,5
"16, 16, 16, 17, 16, 16, 1, 1, 1",6475,874,4747,6912,5
"1, 16, 16, 16, 1, 16, 16, 16, 2",6344,1136,4616,6912,5
"16, 16, 16, 1, 1, 1, 16, 16, 17",6452,919,4725,6911.5,5
"0, 0, 0, 16, 17, 16, 17, 17, 17",6570,682,4844,6911,5
"16, 17, 16, 16, 16, 16, 1, 1, 1",6492,834,4770,6909,5
"0, 0, 16, 16, 0, 17, 17, 17, 17",6539,738,4819,6908,5
"17, 17, 0, 16, 0, 16, 0, 16, 18",6562,692,4842,6908,5
"16, 1, 16, 17, 1, 16, 16, 1, 16",6448,919,4729,6907.5,5
"17, 4, 16, 4, 17, 17, 4, 17, 4",6616,582,4898,6907,5
"16, 16, 16, 16, 16, 16, 1, 1, 2",6458,894,4744,6905,5
"17, 17, 17, 0, 0, 0, 17, 15, 17",6578,654,4864,6905,5
"4, 3, 21, 21, 3, 21, 21, 3, 3",6648,513,4935,6904.5,5
"18, 18, 2, 3, 18, 18, 2, 18, 3",6704,400,4992,6904,5
"2, 16, 16, 16, 16, 2, 1, 16, 15",6427,954,4715,6904,5
"16, 16, 16, 2, 1, 1, 16, 16, 16",6426,951,4719,6901.5,5
"1, 16, 16, 1, 17, 16, 1, 16, 16",6446,910,4740,6901,5
"1, 16, 1, 16, 16, 16, 16, 17, 1",6414,972,4710,6900,5
"16, 0, 15, 16, 6, 16, 16, 0, 15",6428,944,4724,6900,5
"1, 19, 1, 19, 2, 19, 19, 19, 1",6615,570,4911,6900,5
"0, 0, 16, 17, 17, 17, 17, 16, 0",6535,729,4832,6899.5,5
"16, 16, 1, 16, 16, 1, 16, 16, 2",6465,869,4762,6899.5,5
"17, 16, 16, 16, 1, 1, 16, 16, 1",6386,1026,4684,6899,5
"6, 21, 1, 21, 3, 21, 2, 21, 4",6700,398,4998,6899,5
"1, 16, 16, 16, 1, 2, 16, 16, 16",6373,1050,4673,6898,5
"17, 16, 1, 16, 1, 16, 16, 1, 16",6423,949,4724,6897.5,5
"15, 0, 17, 0, 16, 16, 0, 17, 19",6561,669,4866,6895.5,5
"16, 16, 1, 16, 16, 1, 2, 16, 16",6496,799,4801,6895.5,5
"4, 21, 1, 21, 6, 21, 3, 21, 2",6706,379,5011,6895.5,5
"16, 1, 16, 17, 16, 1, 16, 1, 16",6505,776,4815,6893,4
"2, 18, 2, 18, 21, 17, 2, 18, 2",6664,458,4974,6893,4
"1, 15, 16, 16, 3, 16, 16, 16, 1",6287,1212,4597,6893,4
"16, 1, 16, 17, 16, 1, 16, 1, 16",6505,776,4815,6893,4
"16, 16, 1, 1, 16, 16, 16, 16, 2",6454,877,4765,6892.5,4
"16, 16, 2, 1, 1, 16, 16, 16, 16",6424,937,4735,6892.5,4
"16, 1, 16, 16, 16, 16, 1, 16, 2",6453,878,4765,6892,4
"17, 15, 17, 17, 0, 17, 0, 17, 0",6514,755,4827,6891.5,4
"1, 16, 16, 2, 1, 16, 16, 16, 16",6354,1075,4667,6891.5,4
"4, 16, 15, 0, 4, 15, 16, 16, 14",6302,1178,4616,6891,4
"17, 16, 16, 1, 16, 16, 1, 16, 1",6442,896,4758,6890,4
"1, 16, 2, 16, 16, 16, 1, 16, 16",6430,915,4751,6887.5,4
"17, 16, 16, 16, 1, 16, 16, 1, 1",6361,1046,4689,6884,4
"2, 2, 18, 19, 18, 3, 2, 18, 18",6676,415,5005,6883.5,4
"17, 16, 16, 16, 16, 16, 1, 1, 1",6428,908,4760,6882,4
"17, 16, 16, 16, 16, 16, 1, 1, 1",6428,908,4760,6882,4
"16, 16, 16, 16, 17, 16, 1, 1, 1",6434,895,4767,6881.5,4
"16, 16, 16, 16, 17, 16, 1, 1, 1",6434,895,4767,6881.5,4
"16, 16, 16, 16, 1, 16, 16, 2, 1",6358,1047,4691,6881.5,4
"15, 16, 16, 2, 2, 2, 16, 16, 15",6386,991,4719,6881.5,4
"16, 1, 16, 16, 1, 2, 16, 16, 16",6415,930,4751,6880,4
"17, 0, 15, 17, 17, 0, 0, 17, 17",6549,661,4886,6879.5,4
"4, 16, 16, 0, 4, 15, 14, 16, 15",6300,1159,4637,6879.5,4
"2, 16, 1, 17, 1, 15, 17, 16, 15",6350,1058,4688,6879,4
"1, 2, 16, 16, 1, 16, 16, 16, 16",6348,1057,4691,6876.5,4
"16, 16, 1, 16, 17, 1, 16, 16, 1",6441,870,4785,6876,4
"1, 16, 17, 15, 1, 16, 16, 17, 1",6319,1113,4664,6875.5,4
"16, 16, 15, 1, 1, 1, 17, 17, 16",6408,929,4759,6872.5,4
"1, 19, 19, 19, 1, 19, 1, 19, 2",6593,559,4944,6872.5,4
"14, 5, 15, 16, 5, 17, 5, 18, 5",6496,748,4852,6870,4
"17, 16, 16, 16, 16, 1, 16, 1, 1",6418,903,4775,6869.5,4
"16, 2, 16, 16, 16, 16, 1, 1, 16",6462,815,4819,6869.5,4
"0, 16, 16, 18, 0, 16, 17, 17, 0",6460,818,4818,6869,4
"2, 16, 16, 16, 1, 15, 16, 16, 2",6284,1169,4643,6868.5,4
"16, 5, 5, 16, 5, 16, 5, 16, 16",6507,722,4867,6868,4
"0, 15, 17, 16, 4, 16, 17, 15, 0",6351,1027,4718,6864.5,4
"2, 18, 20, 2, 18, 2, 18, 2, 18",6643,441,5012,6863.5,4
"17, 1, 16, 16, 16, 1, 16, 1, 16",6458,810,4828,6863,3
"2, 16, 16, 15, 2, 16, 15, 16, 2",6267,1189,4640,6861.5,3
"4, 20, 20, 15, 4, 15, 15, 4, 3",6397,929,4770,6861.5,3
"2, 16, 16, 15, 2, 16, 16, 15, 2",6265,1190,4641,6860,3
"1, 1, 1, 16, 16, 16, 16, 16, 17",6410,896,4790,6858,3
"15, 16, 16, 2, 2, 16, 15, 16, 2",6325,1066,4705,6858,3
"2, 18, 2, 2, 18, 2, 19, 18, 19",6651,414,5031,6858,3
"7, 4, 5, 17, 6, 15, 16, 16, 14",6467,781,4848,6857.5,3
"2, 16, 16, 16, 16, 0, 3, 15, 16",6390,934,4772,6857,3
"16, 2, 16, 16, 16, 1, 16, 1, 16",6452,810,4834,6857,3
"1, 19, 1, 19, 2, 19, 19, 1, 19",6590,533,4973,6856.5,3
"16, 1, 16, 1, 17, 16, 16, 1, 16",6453,805,4838,6855.5,3
"15, 16, 16, 1, 16, 16, 16, 2, 2",6393,923,4780,6854.5,3
"2, 2, 2, 2, 18, 18, 18, 19, 19",6639,430,5027,6854,3
"1, 16, 2, 16, 16, 16, 16, 16, 1",6350,1007,4739,6853.5,3
"0, 1, 16, 16, 16, 16, 16, 16, 3",6364,978,4754,6853,3
"4, 20, 4, 21, 2, 21, 4, 20, 4",6624,454,5018,6851,3
"17, 4, 5, 17, 17, 17, 17, 4, 2",6597,507,4992,6850.5,3
"0, 0, 16, 16, 0, 17, 16, 17, 18",6462,773,4861,6848.5,3
"1, 1, 2, 16, 16, 16, 16, 16, 16",6390,914,4792,6847,3
"16, 5, 5, 16, 5, 5, 16, 16, 16",6495,704,4897,6847,3
"17, 4, 17, 4, 17, 17, 4, 3, 17",6603,487,5006,6846.5,3
"1, 1, 16, 16, 17, 16, 16, 16, 1",6347,998,4751,6846,3
"2, 2, 2, 2, 19, 19, 18, 18, 18",6636,418,5042,6845,3
"2, 21, 1, 21, 17, 17, 2, 17, 2",6576,535,4985,6843.5,3
"16, 2, 16, 1, 16, 16, 16, 16, 1",6396,895,4805,6843.5,3
"17, 3, 18, 3, 17, 3, 18, 3, 18",6610,461,5025,6840.5,3
"2, 16, 15, 16, 2, 16, 15, 16, 2",6236,1206,4654,6839,3
"6, 16, 8, 18, 7, 17, 8, 16, 4",6586,503,5007,6837.5,3
"5, 16, 5, 16, 16, 5, 16, 5, 16",6483,708,4905,6837,3
"16, 1, 2, 16, 16, 16, 16, 16, 1",6392,887,4817,6835.5,3
"17, 4, 17, 3, 17, 4, 17, 4, 17",6593,479,5024,6832.5,3
"15, 17, 1, 16, 1, 16, 18, 15, 1",6354,954,4788,6831,3
"2, 2, 20, 20, 16, 19, 3, 16, 2",6522,618,4956,6831,3
"3, 16, 17, 17, 1, 16, 18, 10, 2",6403,854,4839,6830,3
"2, 16, 16, 16, 2, 16, 16, 14, 2",6252,1153,4691,6828.5,3
"0, 16, 17, 15, 17, 17, 17, 1, 0",6423,811,4862,6828.5,3
"17, 3, 17, 4, 17, 4, 17, 4, 17",6593,470,5033,6828,2
"17, 3, 17, 4, 17, 4, 17, 4, 17",6593,470,5033,6828,2
"15, 15, 2, 16, 2, 16, 16, 16, 2",6290,1074,4732,6827,2
"2, 2, 17, 16, 2, 16, 16, 17, 12",6396,862,4838,6827,2
"18, 3, 17, 3, 17, 3, 18, 3, 18",6595,462,5039,6826,2
"17, 3, 17, 3, 18, 4, 18, 3, 17",6591,468,5037,6825,2
"2, 16, 15, 16, 2, 15, 16, 16, 2",6221,1208,4667,6825,2
"17, 3, 17, 3, 18, 3, 18, 3, 18",6588,473,5035,6824.5,2
"4, 16, 15, 15, 16, 16, 0, 15, 3",6240,1164,4692,6822,2
"19, 19, 1, 1, 2, 1, 19, 19, 19",6593,454,5049,6820,2
"19, 19, 18, 18, 18, 2, 2, 2, 2",6632,371,5093,6817.5,2
"17, 4, 4, 17, 1, 4, 17, 17, 19",6533,565,4998,6815.5,2
"3, 15, 15, 16, 15, 0, 16, 16, 4",6241,1149,4706,6815.5,2
"1, 1, 20, 19, 1, 19, 19, 19, 1",6498,632,4966,6814,2
"16, 16, 16, 2, 14, 16, 2, 2, 16",6403,822,4871,6814,2
"1, 20, 19, 19, 1, 19, 1, 19, 1",6517,593,4986,6813.5,2
"17, 4, 17, 4, 16, 4, 17, 4, 17",6574,479,5043,6813.5,2
"17, 5, 17, 2, 17, 3, 17, 5, 17",6566,493,5037,6812.5,2
"1, 1, 19, 20, 1, 19, 19, 19, 1",6497,630,4969,6812,2
"2, 2, 16, 15, 2, 15, 16, 16, 16",6256,1112,4728,6812,2
"1, 1, 19, 20, 1, 19, 19, 19, 1",6497,630,4969,6812,2
"19, 1, 19, 19, 2, 1, 19, 1, 19",6576,469,5051,6810.5,2
"2, 15, 15, 16, 2, 16, 16, 16, 2",6192,1236,4668,6810,2
"18, 3, 18, 3, 18, 2, 18, 2, 18",6619,380,5097,6809,2
"18, 3, 18, 3, 18, 2, 18, 2, 18",6619,380,5097,6809,2
"1, 19, 19, 20, 1, 19, 1, 2, 18",6529,556,5011,6807,2
"19, 19, 1, 19, 1, 1, 19, 19, 2",6551,508,5037,6805,2
"18, 3, 3, 17, 18, 17, 3, 3, 18",6577,454,5065,6804,2
"16, 16, 2, 2, 2, 2, 20, 20, 20",6507,592,4997,6803,2
"1, 2, 19, 19, 1, 1, 19, 19, 19",6526,552,5018,6802,2
"1, 19, 19, 20, 1, 19, 19, 1, 1",6487,628,4981,6801,2
"18, 2, 18, 3, 18, 3, 18, 2, 18",6611,377,5108,6799.5,2
"2, 2, 15, 15, 2, 16, 16, 16, 16",6228,1142,4726,6799,2
"1, 2, 2, 16, 16, 16, 16, 16, 15",6321,954,4821,6798,2
"1, 1, 19, 19, 1, 19, 19, 2, 19",6517,562,5017,6798,2
"1, 19, 1, 19, 1, 21, 19, 18, 1",6504,587,5005,6797.5,2
"15, 16, 2, 15, 4, 15, 2, 16, 15",6263,1066,4767,6796,1
"2, 2, 2, 2, 21, 20, 17, 17, 17",6540,512,5044,6796,1
"17, 3, 17, 3, 17, 3, 17, 3, 20",6524,543,5029,6795.5,1
"2, 16, 15, 16, 1, 16, 15, 16, 3",6161,1268,4667,6795,1
"19, 2, 19, 1, 1, 19, 19, 19, 1",6530,528,5038,6794,1
"4, 1, 16, 1, 17, 15, 16, 15, 15",6280,1025,4791,6792.5,1
"19, 2, 19, 2, 0, 19, 19, 18, 2",6581,422,5093,6792,1
"3, 2, 21, 2, 7, 21, 21, 2, 21",6603,375,5118,6790.5,1
"1, 1, 2, 19, 1, 19, 19, 19, 19",6512,557,5027,6790.5,1
"16, 18, 15, 16, 18, 17, 0, 0, 0",6441,694,4961,6788,1
"17, 17, 7, 16, 2, 17, 17, 6, 1",6483,610,5003,6788,1
"16, 2, 16, 2, 14, 2, 16, 16, 16",6393,789,4914,6787.5,1
"1, 15, 17, 15, 2, 17, 15, 17, 1",6223,1128,4745,6787,1
"1, 15, 16, 16, 4, 15, 17, 15, 1",6176,1220,4700,6786,1
"1, 16, 16, 16, 16, 2, 15, 2, 16",6307,957,4832,6785.5,1
"15, 16, 16, 2, 16, 2, 16, 2, 15",6340,891,4865,6785.5,1
"1, 19, 19, 1, 1, 19, 20, 1, 19",6498,571,5027,6783.5,1
"1, 19, 19, 20, 1, 1, 20, 1, 18",6482,590,5024,6777,1
"3, 16, 16, 15, 1, 15, 16, 15, 3",6116,1321,4659,6776.5,1
"17, 4, 16, 4, 17, 4, 17, 4, 17",6519,512,5065,6775,1
"2, 15, 16, 2, 16, 16, 2, 16, 15",6250,1046,4800,6773,1
"2, 17, 15, 15, 2, 17, 2, 16, 14",6238,1068,4790,6772,1
"4, 15, 16, 2, 14, 2, 16, 15, 16",6265,1013,4818,6771.5,1
"1, 15, 16, 16, 5, 15, 15, 16, 1",6139,1264,4693,6771,1
"16, 2, 1, 16, 16, 2, 15, 16, 16",6363,816,4917,6771,1
"2, 16, 3, 16, 2, 15, 15, 16, 15",6191,1158,4747,6770,1
"16, 16, 16, 2, 15, 16, 15, 2, 2",6295,944,4857,6767,1
"1, 15, 16, 15, 5, 15, 16, 16, 1",6127,1279,4690,6766.5,1
"2, 16, 16, 15, 16, 15, 2, 16, 2",6225,1083,4788,6766.5,1
"17, 1, 15, 16, 1, 1, 18, 16, 15",6275,981,4840,6765.5,1
"17, 3, 17, 2, 17, 3, 17, 3, 21",6511,505,5080,6763.5,1
"1, 19, 1, 19, 1, 20, 20, 19, 0",6477,573,5046,6763.5,1
"1, 19, 1, 19, 1, 20, 20, 19, 0",6477,573,5046,6763.5,1
"1, 19, 1, 19, 1, 19, 19, 1, 20",6470,582,5044,6761,1
"16, 16, 2, 15, 16, 16, 16, 2, 1",6287,948,4861,6761,1
"2, 15, 16, 17, 16, 15, 2, 1, 16",6255,1001,4840,6755.5,1
"18, 0, 18, 0, 18, 18, 5, 5, 18",6588,333,5175,6754.5,1
"5, 15, 0, 15, 5, 15, 15, 15, 15",6131,1245,4720,6753.5,0
"0, 15, 15, 17, 5, 15, 17, 16, 0",6197,1112,4787,6753,0
"1, 1, 17, 17, 7, 16, 16, 10, 15",6350,791,4955,6745.5,0
"2, 15, 15, 1, 16, 1, 16, 18, 16",6254,978,4864,6743,0
"19, 19, 2, 19, 1, 1, 1, 19, 19",6511,462,5123,6742,0
"1, 20, 20, 20, 1, 1, 20, 1, 16",6409,661,5026,6739.5,0
"4, 20, 19, 3, 3, 19, 3, 11, 18",6491,492,5113,6737,0
"19, 1, 2, 19, 1, 1, 19, 19, 19",6493,487,5116,6736.5,0
"0, 16, 15, 17, 3, 15, 18, 15, 1",6171,1129,4796,6735.5,0
"2, 20, 2, 16, 20, 16, 2, 20, 2",6404,660,5032,6734,0
"18, 2, 2, 18, 20, 2, 18, 2, 18",6544,379,5173,6733.5,0
"2, 1, 16, 17, 2, 15, 16, 14, 17",6206,1053,4837,6732.5,0
"7, 6, 5, 16, 5, 15, 15, 15, 16",6297,864,4935,6729,0
"19, 2, 17, 3, 20, 1, 18, 4, 16",6482,490,5124,6727,0
"1, 19, 1, 19, 20, 19, 1, 19, 1",6464,526,5106,6727,0
"5, 15, 15, 0, 5, 15, 15, 15, 15",6080,1293,4723,6726.5,0
"5, 15, 15, 0, 5, 15, 15, 15, 15",6080,1293,4723,6726.5,0
"19, 1, 19, 1, 1, 19, 19, 1, 20",6466,518,5112,6725,0
"19, 2, 18, 2, 18, 2, 19, 1, 19",6534,381,5181,6724.5,0
"16, 16, 16, 5, 16, 5, 5, 16, 5",6380,687,5029,6723.5,0
"17, 16, 16, 15, 16, 15, 1, 2, 2",6238,970,4888,6723,0
"14, 0, 16, 15, 15, 16, 18, 3, 3",6256,930,4910,6721,0
"16, 15, 16, 16, 16, 2, 2, 2, 15",6263,916,4917,6721,0
"1, 1, 20, 20, 16, 1, 20, 20, 1",6411,613,5072,6717.5,0
"1, 1, 18, 20, 20, 20, 18, 1, 1",6428,578,5090,6717,0
"1, 1, 1, 2, 19, 19, 19, 19, 19",6485,464,5147,6717,0
"16, 15, 1, 16, 5, 16, 7, 16, 8",6299,832,4965,6715,0
"8, 18, 14, 18, 1, 18, 5, 17, 1",6372,683,5041,6713.5,0
"18, 1, 15, 17, 1, 17, 1, 15, 15",6232,962,4902,6713,0
"2, 15, 15, 2, 16, 16, 2, 16, 16",6175,1067,4854,6708.5,0
"15, 15, 17, 17, 17, 4, 5, 5, 5",6371,673,5052,6707.5,0
"1, 16, 16, 16, 5, 13, 16, 16, 1",6136,1139,4821,6705.5,0
"5, 15, 16, 0, 5, 14, 16, 15, 14",6100,1211,4785,6705.5,0
"0, 18, 0, 0, 18, 18, 15, 15, 16",6358,693,5045,6704.5,0
"15, 16, 3, 2, 15, 2, 16, 15, 16",6259,888,4949,6703,0
"3, 3, 15, 16, 15, 3, 21, 21, 3",6300,806,4990,6703,0
"3, 16, 15, 15, 3, 15, 15, 15, 3",5995,1414,4687,6702,0
"1, 19, 1, 1, 19, 19, 1, 20, 19",6481,441,5174,6701.5,0
"1, 1, 1, 1, 19, 20, 19, 19, 19",6464,467,5165,6697.5,0
"18, 0, 6, 18, 18, 18, 4, 18, 0",6539,316,5241,6697,0
"16, 2, 2, 16, 16, 15, 16, 2, 15",6255,882,4959,6696,0
"19, 19, 1, 19, 18, 2, 1, 2, 19",6517,357,5222,6695.5,0
"1, 1, 1, 1, 20, 19, 19, 19, 19",6443,505,5148,6695.5,0
"3, 15, 15, 16, 4, 15, 15, 15, 2",6009,1370,4717,6694,0
"18, 4, 3, 4, 20, 17, 2, 17, 15",6423,536,5137,6691,0
"3, 21, 21, 3, 3, 16, 16, 13, 4",6274,833,4989,6690.5,0
"3, 15, 15, 15, 3, 16, 15, 15, 3",5966,1442,4688,6687,0
"3, 15, 15, 15, 3, 16, 15, 15, 3",5966,1442,4688,6687,0
"19, 1, 20, 1, 19, 1, 19, 19, 1",6458,455,5183,6685.5,0
"19, 1, 19, 19, 19, 2, 19, 1, 1",6472,427,5197,6685.5,0
"1, 19, 1, 20, 0, 20, 19, 1, 19",6424,516,5156,6682,0
"19, 1, 19, 1, 20, 1, 19, 19, 1",6444,476,5176,6682,0
"2, 15, 2, 14, 0, 17, 17, 17, 16",6202,953,4941,6678.5,0
"3, 15, 15, 15, 3, 15, 15, 16, 3",5953,1443,4700,6674.5,0
"4, 5, 14, 14, 6, 17, 17, 6, 17",6280,787,5029,6673.5,0
"3, 15, 15, 15, 3, 15, 16, 15, 3",5951,1444,4701,6673,0
"3, 15, 15, 15, 3, 15, 16, 15, 3",5951,1444,4701,6673,0
"1, 1, 18, 0, 20, 0, 20, 20, 20",6421,502,5173,6672,0
"5, 21, 15, 21, 4, 2, 17, 13, 2",6299,744,5053,6671,0
"16, 16, 19, 17, 4, 13, 5, 5, 5",6323,694,5079,6670,0
"19, 2, 17, 2, 20, 3, 16, 3, 18",6400,536,5160,6668,0
"20, 19, 19, 19, 19, 1, 1, 1, 1",6452,431,5213,6667.5,0
"6, 6, 15, 15, 6, 6, 15, 16, 15",6208,917,4971,6666.5,0
"16, 16, 15, 15, 15, 16, 2, 3, 2",6148,1037,4911,6666.5,0
"19, 2, 19, 1, 19, 1, 19, 1, 19",6474,384,5238,6666,0
"2, 16, 15, 15, 3, 15, 15, 15, 4",5983,1366,4747,6666,0
"20, 16, 20, 20, 1, 1, 1, 1, 20",6337,647,5112,6660.5,0
"3, 4, 16, 16, 1, 15, 15, 15, 15",6034,1248,4814,6658,0
"1, 19, 1, 19, 19, 1, 1, 19, 19",6436,441,5219,6656.5,0
"15, 15, 16, 15, 18, 18, 1, 1, 1",6183,943,4970,6654.5,0
"4, 15, 15, 15, 4, 15, 15, 15, 2",5960,1389,4747,6654.5,0
"4, 21, 4, 21, 0, 21, 4, 21, 4",6463,381,5252,6653.5,0
"5, 21, 1, 21, 21, 5, 21, 1, 4",6465,372,5259,6651,0
"19, 1, 19, 1, 19, 19, 1, 1, 20",6451,397,5248,6649.5,0
"2, 15, 17, 16, 3, 15, 14, 15, 3",6000,1299,4797,6649.5,0
"4, 15, 15, 15, 5, 15, 15, 15, 1",5941,1414,4741,6648,0
"15, 16, 2, 3, 15, 15, 16, 3, 15",6156,978,4962,6645,0
"16, 16, 15, 16, 16, 15, 3, 2, 1",6131,1025,4940,6643.5,0
"0, 0, 2, 2, 19, 19, 19, 19, 20",6444,398,5254,6643,0
"15, 16, 3, 15, 3, 15, 3, 15, 15",6064,1156,4876,6642,0
"1, 21, 1, 21, 1, 21, 16, 2, 16",6312,658,5126,6641,0
"19, 1, 19, 1, 20, 1, 19, 1, 19",6419,439,5238,6638.5,0
"19, 1, 19, 1, 20, 1, 19, 1, 19",6419,439,5238,6638.5,0
"18, 20, 4, 2, 20, 16, 16, 2, 2",6345,587,5164,6638.5,0
"0, 19, 0, 19, 0, 5, 19, 19, 19",6444,389,5263,6638.5,0
"17, 15, 17, 2, 15, 2, 15, 2, 15",6183,911,5002,6638.5,0
"20, 1, 19, 1, 19, 1, 19, 1, 19",6431,410,5255,6636,0
"0, 20, 20, 20, 0, 1, 1, 18, 20",6397,475,5224,6634.5,0
"15, 15, 16, 3, 3, 15, 15, 15, 3",5995,1275,4826,6632.5,0
"1, 20, 1, 20, 20, 16, 1, 20, 1",6308,649,5139,6632.5,0
"19, 19, 1, 1, 20, 1, 19, 1, 19",6414,433,5249,6630.5,0
"3, 15, 15, 15, 4, 15, 15, 15, 3",5902,1454,4740,6629,0
"3, 15, 15, 15, 4, 15, 15, 15, 3",5902,1454,4740,6629,0
"3, 15, 15, 15, 4, 15, 15, 15, 3",5902,1454,4740,6629,0
"3, 15, 15, 15, 4, 15, 15, 15, 3",5902,1454,4740,6629,0
"3, 15, 15, 15, 4, 15, 15, 15, 3",5902,1454,4740,6629,0
"3, 15, 15, 15, 4, 15, 15, 15, 3",5902,1454,4740,6629,0
"3, 15, 15, 15, 4, 15, 15, 15, 3",5902,1454,4740,6629,0
"3, 15, 15, 15, 4, 15, 15, 15, 3",5902,1454,4740,6629,0
"3, 15, 15, 15, 4, 15, 15, 15, 3",5902,1454,4740,6629,0
"3, 15, 1, 15, 15, 15, 4, 17, 15",6063,1130,4903,6628,0
"20, 1, 20, 1, 16, 1, 20, 1, 20",6372,511,5213,6627.5,0
"1, 15, 15, 16, 2, 16, 15, 15, 5",5972,1305,4819,6624.5,0
"16, 1, 20, 1, 20, 1, 20, 1, 20",6363,522,5211,6624,0
"6, 7, 16, 16, 4, 16, 7, 7, 21",6348,552,5196,6624,0
"3, 15, 15, 15, 4, 15, 3, 15, 15",5938,1371,4787,6623.5,0
"4, 15, 15, 15, 6, 15, 15, 15, 0",5958,1328,4810,6622,0
"2, 14, 2, 15, 3, 15, 16, 16, 17",6046,1149,4901,6620.5,0
"16, 5, 16, 5, 16, 5, 16, 5, 16",6298,636,5162,6616,0
"16, 5, 16, 5, 16, 5, 16, 5, 16",6298,636,5162,6616,0
"16, 5, 16, 5, 16, 5, 16, 5, 16",6298,636,5162,6616,0
"16, 5, 16, 5, 16, 5, 16, 5, 16",6298,636,5162,6616,0
"3, 21, 21, 21, 21, 4, 1, 4, 4",6415,401,5280,6615.5,0
"3, 15, 15, 15, 3, 15, 15, 15, 4",5880,1463,4753,6611.5,0
"1, 17, 17, 14, 1, 14, 17, 17, 2",6095,1031,4970,6610.5,0
"3, 15, 16, 15, 15, 15, 3, 15, 3",5973,1269,4854,6607.5,0
"17, 2, 16, 2, 15, 14, 16, 16, 2",6140,935,5021,6607.5,0
"3, 3, 16, 3, 15, 15, 15, 15, 15",6028,1158,4910,6607,0
"21, 21, 21, 21, 8, 2, 2, 2, 2",6451,311,5334,6606.5,0
"15, 15, 3, 15, 5, 15, 2, 15, 15",6009,1191,4896,6604.5,0
"21, 3, 21, 3, 4, 3, 21, 3, 21",6409,384,5303,6601,0
"0, 20, 20, 20, 0, 20, 0, 20, 0",6369,464,5263,6601,0
"20, 20, 20, 0, 0, 20, 0, 20, 0",6385,431,5280,6600.5,0
"0, 0, 20, 20, 0, 20, 20, 20, 0",6360,480,5256,6600,0
"16, 16, 15, 15, 1, 1, 20, 15, 1",6025,1146,4925,6598,0
"0, 20, 20, 20, 0, 0, 0, 20, 20",6372,448,5276,6596,0
"2, 15, 15, 15, 6, 15, 2, 15, 15",5946,1299,4851,6595.5,0
"0, 20, 0, 20, 0, 20, 20, 20, 0",6368,455,5273,6595.5,0
"3, 3, 5, 9, 16, 16, 16, 16, 16",6205,780,5111,6595,0
"20, 0, 20, 20, 0, 20, 0, 20, 0",6376,436,5284,6594,0
"0, 1, 18, 1, 20, 1, 18, 19, 22",6375,437,5284,6593.5,0
"0, 20, 0, 20, 0, 20, 0, 20, 20",6376,434,5286,6593,0
"2, 15, 15, 15, 4, 15, 15, 15, 4",5890,1406,4800,6593,0
"0, 0, 0, 20, 0, 20, 20, 20, 20",6367,450,5279,6592,0
"15, 15, 15, 2, 6, 15, 2, 15, 15",6004,1176,4916,6592,0
"0, 0, 0, 20, 0, 20, 20, 20, 20",6367,450,5279,6592,0
"15, 2, 15, 15, 5, 15, 3, 15, 15",5997,1188,4911,6591,0
"2, 15, 15, 15, 5, 15, 15, 15, 3",5877,1427,4792,6590.5,0
"0, 17, 7, 17, 17, 17, 7, 18, 0",6373,433,5290,6589.5,0
"20, 20, 0, 20, 0, 20, 0, 20, 0",6384,411,5301,6589.5,0
"16, 3, 3, 15, 15, 16, 2, 15, 15",6104,970,5022,6589,0
"16, 14, 16, 2, 4, 2, 16, 14, 16",6087,1003,5006,6588.5,0
"11, 3, 16, 16, 3, 16, 18, 8, 9",6246,684,5166,6588,0
"16, 1, 15, 1, 19, 16, 15, 16, 1",6102,966,5028,6585,0
"3, 16, 17, 14, 3, 16, 14, 14, 3",5932,1301,4863,6582.5,0
"3, 15, 15, 15, 15, 15, 16, 3, 3",5922,1318,4856,6581,0
"0, 0, 20, 0, 20, 20, 0, 20, 20",6356,447,5293,6579.5,0
"15, 15, 15, 2, 6, 15, 15, 2, 15",5987,1183,4926,6578.5,0
"1, 16, 12, 3, 5, 16, 16, 15, 16",6088,979,5029,6577.5,0
"1, 15, 15, 16, 5, 14, 16, 15, 3",5897,1358,4841,6576,0
"15, 3, 3, 15, 4, 15, 15, 15, 15",5993,1166,4937,6576,0
"20, 0, 20, 20, 0, 0, 20, 0, 20",6360,430,5306,6575,0
"16, 16, 6, 6, 1, 6, 16, 17, 16",6232,684,5180,6574,0
"0, 0, 0, 0, 20, 20, 20, 20, 20",6355,438,5303,6574,0
"0, 0, 0, 0, 20, 20, 20, 20, 20",6355,438,5303,6574,0
"0, 0, 0, 0, 20, 20, 20, 20, 20",6355,438,5303,6574,0
"0, 0, 0, 0, 20, 20, 20, 20, 20",6355,438,5303,6574,0
"0, 0, 0, 0, 20, 20, 20, 20, 20",6355,438,5303,6574,0
"20, 0, 20, 0, 20, 0, 20, 20, 0",6359,429,5308,6573.5,0
"3, 15, 15, 15, 3, 15, 15, 4, 15",5876,1392,4828,6572,0
"0, 20, 0, 20, 20, 20, 0, 20, 0",6356,432,5308,6572,0
"0, 0, 0, 20, 20, 20, 20, 20, 0",6347,448,5301,6571,0
"0, 0, 0, 20, 20, 20, 20, 20, 0",6347,448,5301,6571,0
"18, 14, 18, 5, 2, 5, 18, 2, 18",6290,560,5246,6570,0
"15, 15, 3, 15, 4, 15, 15, 3, 15",5963,1213,4920,6569.5,0
"0, 20, 20, 0, 20, 20, 20, 0, 0",6338,462,5296,6569,0
"15, 15, 3, 15, 4, 15, 3, 15, 15",5971,1196,4929,6569,0
"15, 15, 16, 15, 2, 3, 15, 4, 15",5991,1155,4950,6568.5,0
"20, 0, 20, 20, 20, 0, 0, 20, 0",6359,418,5319,6568,0
"6, 7, 7, 8, 8, 16, 16, 16, 16",6297,542,5257,6568,0
"15, 15, 15, 15, 4, 3, 15, 15, 3",5916,1303,4877,6567.5,0
"14, 16, 4, 16, 0, 16, 4, 16, 14",6093,948,5055,6567,0
"16, 15, 3, 15, 3, 15, 15, 15, 3",5930,1273,4893,6566.5,0
"20, 20, 0, 0, 20, 0, 0, 20, 20",6375,383,5338,6566.5,0
"20, 20, 0, 0, 20, 0, 0, 20, 20",6375,383,5338,6566.5,0
"3, 15, 15, 14, 2, 15, 18, 1, 17",5957,1218,4921,6566,0
"0, 0, 20, 0, 20, 20, 20, 0, 20",6337,457,5302,6565.5,0
"3, 15, 15, 15, 3, 4, 15, 15, 15",5878,1374,4844,6565,0
"3, 15, 15, 15, 3, 15, 4, 15, 15",5865,1399,4832,6564.5,0
"3, 3, 21, 3, 22, 21, 3, 21, 3",6337,454,5305,6564,0
"0, 20, 20, 20, 20, 20, 0, 0, 0",6338,451,5307,6563.5,0
"16, 15, 3, 2, 15, 15, 16, 15, 3",6022,1079,4995,6561.5,0
"15, 15, 15, 3, 4, 3, 15, 15, 15",5949,1222,4925,6560,0
"15, 15, 15, 15, 4, 15, 3, 3, 15",5934,1249,4913,6558.5,0
"4, 3, 3, 15, 15, 15, 15, 15, 15",5980,1156,4960,6558,0
"3, 22, 2, 22, 2, 22, 2, 22, 3",6328,459,5309,6557.5,0
"20, 0, 20, 0, 20, 0, 20, 0, 20",6348,418,5330,6557,0
"20, 0, 20, 0, 20, 0, 20, 0, 20",6348,418,5330,6557,0
"20, 0, 20, 0, 20, 0, 20, 0, 20",6348,418,5330,6557,0
"20, 0, 20, 0, 20, 0, 20, 0, 20",6348,418,5330,6557,0
"20, 0, 20, 0, 20, 0, 20, 0, 20",6348,418,5330,6557,0
"20, 0, 20, 0, 20, 0, 20, 0, 20",6348,418,5330,6557,0
"20, 0, 20, 0, 20, 0, 20, 0, 20",6348,418,5330,6557,0
"0, 20, 0, 20, 20, 20, 0, 0, 20",6345,421,5330,6555.5,0
"20, 20, 20, 20, 20, 0, 0, 0, 0",6349,412,5335,6555,0
"20, 20, 20, 20, 20, 0, 0, 0, 0",6349,412,5335,6555,0
"20, 20, 20, 20, 20, 0, 0, 0, 0",6349,412,5335,6555,0
"5, 15, 15, 15, 1, 15, 15, 15, 4",5843,1423,4830,6554.5,0
"3, 3, 10, 15, 17, 16, 17, 2, 17",6163,773,5160,6549.5,0
"17, 9, 18, 0, 15, 0, 19, 2, 20",6327,444,5325,6549,0
"2, 16, 16, 16, 16, 16, 11, 5, 2",6106,884,5106,6548,0
"3, 14, 16, 15, 4, 14, 15, 16, 3",5875,1344,4877,6547,0
"11, 16, 21, 1, 2, 1, 21, 16, 11",6239,613,5244,6545.5,0
"15, 3, 16, 3, 15, 15, 15, 3, 15",6024,1036,5036,6542,0
"3, 3, 14, 15, 15, 16, 16, 15, 3",5924,1224,4948,6536,0
"6, 15, 15, 15, 7, 15, 5, 7, 15",6023,1025,5048,6535.5,0
"5, 16, 10, 4, 5, 16, 16, 14, 14",6055,957,5084,6533.5,0
"4, 15, 15, 15, 1, 15, 15, 15, 5",5824,1417,4855,6532.5,0
"16, 6, 16, 6, 16, 6, 16, 2, 16",6234,593,5269,6530.5,0
"4, 15, 14, 15, 4, 15, 15, 15, 3",5822,1413,4861,6528.5,0
"2, 4, 3, 16, 15, 15, 15, 15, 15",5980,1095,5021,6527.5,0
"16, 15, 15, 15, 4, 4, 15, 15, 1",5903,1248,4945,6527,0
"20, 1, 19, 2, 21, 2, 15, 3, 17",6256,531,5309,6521.5,0
"3, 15, 15, 14, 5, 15, 15, 15, 3",5787,1468,4841,6521,0
"4, 3, 16, 15, 14, 14, 15, 15, 4",5927,1187,4982,6520.5,0
"3, 15, 15, 14, 3, 14, 16, 16, 4",5814,1413,4869,6520.5,0
"15, 3, 15, 3, 15, 3, 15, 16, 15",6001,1038,5057,6520,0
"3, 15, 15, 15, 5, 14, 15, 15, 3",5781,1471,4844,6516.5,0
"15, 3, 15, 3, 15, 15, 16, 3, 15",5981,1068,5047,6515,0
"15, 4, 15, 15, 3, 15, 15, 3, 15",5897,1234,4965,6514,0
"15, 4, 15, 15, 3, 15, 3, 15, 15",5905,1217,4974,6513.5,0
"1, 15, 2, 15, 2, 22, 19, 22, 2",6107,807,5182,6510.5,0
"15, 15, 4, 15, 3, 15, 3, 15, 15",5905,1207,4984,6508.5,0
"5, 15, 15, 15, 1, 15, 4, 15, 15",5828,1359,4909,6507.5,0
"6, 15, 1, 15, 5, 14, 15, 15, 14",5871,1272,4953,6507,0
"20, 4, 4, 4, 22, 19, 19, 4, 4",6338,335,5423,6505.5,0
"1, 2, 15, 15, 7, 15, 15, 15, 15",5874,1255,4967,6501.5,0
"4, 15, 15, 3, 4, 14, 14, 16, 15",5832,1339,4925,6501.5,0
"21, 16, 0, 21, 0, 21, 21, 0, 0",6279,432,5385,6495,0
"2, 15, 2, 14, 2, 21, 21, 21, 2",6093,801,5202,6493.5,0
"14, 1, 20, 1, 20, 2, 20, 1, 21",6235,515,5346,6492.5,0
"15, 4, 16, 3, 3, 14, 15, 15, 15",5908,1164,5024,6490,0
"3, 3, 4, 15, 15, 15, 15, 15, 15",5902,1173,5021,6488.5,0
"3, 15, 4, 15, 15, 15, 15, 15, 3",5844,1286,4966,6487,0
"21, 21, 21, 21, 1, 4, 4, 3, 4",6271,431,5394,6486.5,0
"3, 15, 15, 15, 15, 15, 15, 4, 3",5819,1332,4945,6485,0
"3, 15, 15, 15, 15, 15, 15, 4, 3",5819,1332,4945,6485,0
"3, 15, 15, 15, 15, 15, 15, 4, 3",5819,1332,4945,6485,0
"4, 5, 15, 15, 1, 15, 15, 15, 15",5814,1341,4941,6484.5,0
"3, 3, 15, 4, 15, 15, 15, 15, 15",5877,1206,5013,6480,0
"3, 21, 4, 3, 21, 21, 3, 3, 21",6274,401,5421,6474.5,0
"4, 15, 15, 15, 4, 15, 15, 13, 4",5794,1360,4942,6474,0
"16, 16, 16, 14, 16, 3, 14, 2, 3",5950,1040,5106,6470,0
"4, 15, 3, 15, 13, 15, 15, 5, 15",5902,1135,5059,6469.5,0
"15, 0, 19, 20, 17, 0, 16, 13, 0",6130,667,5299,6463.5,0
"15, 15, 3, 3, 16, 15, 15, 3, 15",5918,1088,5090,6462,0
"16, 15, 15, 3, 15, 3, 15, 3, 15",5915,1090,5091,6460,0
"4, 15, 4, 15, 4, 15, 15, 14, 14",5804,1311,4981,6459.5,0
"5, 16, 16, 14, 5, 13, 14, 16, 1",5843,1233,5020,6459.5,0
"21, 21, 0, 0, 0, 16, 0, 21, 21",6255,409,5432,6459.5,0
"15, 3, 15, 3, 15, 15, 15, 15, 4",5882,1153,5061,6458.5,0
"15, 15, 15, 15, 16, 15, 3, 3, 3",5856,1205,5035,6458.5,0
"2, 15, 15, 3, 6, 15, 15, 14, 15",5796,1324,4976,6458,0
"15, 1, 15, 15, 15, 1, 22, 1, 15",5978,959,5159,6457.5,0
"15, 15, 15, 3, 16, 15, 3, 15, 3",5861,1190,5045,6456,0
"15, 15, 15, 3, 15, 3, 15, 15, 4",5870,1171,5055,6455.5,0
"15, 15, 15, 15, 15, 15, 3, 3, 4",5855,1198,5043,6454,0
"15, 15, 15, 15, 15, 15, 3, 3, 4",5855,1198,5043,6454,0
"4, 15, 15, 14, 4, 14, 15, 15, 4",5726,1428,4942,6440,0
"6, 10, 16, 15, 6, 15, 16, 10, 6",6049,764,5283,6431,0
"15, 15, 15, 15, 10, 0, 15, 0, 15",5861,1140,5095,6431,0
"6, 15, 6, 15, 16, 15, 6, 15, 6",5979,902,5215,6430,0
"5, 15, 15, 15, 1, 15, 15, 14, 5",5721,1412,4963,6427,0
"15, 15, 15, 15, 2, 15, 5, 15, 3",5762,1327,5007,6425.5,0
"15, 3, 3, 15, 15, 15, 4, 15, 15",5899,1051,5146,6424.5,0
"21, 1, 21, 1, 12, 1, 21, 1, 21",6241,366,5489,6424,0
"15, 15, 3, 15, 15, 4, 15, 15, 3",5854,1139,5103,6423.5,0
"15, 3, 15, 4, 15, 15, 15, 15, 3",5845,1150,5101,6420,0
"15, 15, 15, 15, 15, 15, 3, 4, 3",5823,1193,5080,6419.5,0
"15, 15, 3, 3, 15, 15, 4, 15, 15",5874,1083,5139,6415.5,0
"20, 20, 15, 0, 0, 20, 5, 0, 20",6129,573,5394,6415.5,0
"15, 15, 15, 4, 15, 15, 3, 15, 3",5823,1180,5093,6413,0
"15, 3, 15, 3, 15, 4, 15, 15, 15",5880,1064,5152,6412,0
"15, 3, 15, 3, 15, 15, 4, 15, 15",5867,1089,5140,6411.5,0
"9, 15, 15, 3, 11, 0, 22, 22, 3",6066,688,5342,6410,0
"15, 15, 15, 3, 15, 3, 4, 15, 15",5855,1107,5134,6408.5,0
"4, 15, 15, 15, 4, 14, 14, 4, 15",5722,1369,5005,6406.5,0
"15, 15, 15, 3, 15, 4, 15, 3, 15",5850,1111,5135,6405.5,0
"15, 15, 15, 3, 15, 4, 15, 3, 15",5850,1111,5135,6405.5,0
"15, 15, 15, 4, 14, 15, 3, 15, 4",5829,1147,5120,6402.5,0
"3, 22, 3, 21, 22, 2, 3, 22, 2",6202,399,5495,6401.5,0
"5, 15, 15, 14, 13, 15, 15, 4, 4",5791,1214,5091,6398,0
"1, 15, 15, 15, 8, 15, 15, 15, 1",5706,1383,5007,6397.5,0
"4, 15, 13, 4, 4, 15, 15, 15, 15",5781,1226,5089,6394,0
"22, 22, 22, 21, 9, 1, 1, 1, 1",6218,344,5534,6390,0
"15, 16, 2, 14, 20, 2, 15, 1, 15",5896,980,5220,6386,0
"16, 9, 16, 8, 16, 1, 16, 2, 16",6062,642,5392,6383,0
"19, 20, 20, 0, 0, 0, 0, 16, 25",6154,458,5484,6383,0
"1, 0, 15, 21, 21, 0, 21, 0, 21",6111,542,5443,6382,0
"4, 14, 15, 15, 2, 5, 15, 15, 15",5725,1313,5058,6381.5,0
"15, 15, 4, 4, 13, 15, 15, 15, 4",5855,1052,5189,6381,0
"20, 2, 1, 2, 20, 20, 20, 2, 13",6111,540,5445,6381,0
"18, 17, 16, 15, 14, 13, 3, 2, 2",5960,841,5295,6380.5,0
"2, 15, 15, 6, 2, 15, 15, 15, 15",5714,1328,5054,6378,0
"7, 6, 15, 6, 15, 15, 15, 15, 6",5929,898,5269,6378,0
"4, 12, 4, 14, 5, 16, 15, 15, 15",5843,1063,5190,6374.5,0
"15, 2, 15, 2, 15, 15, 15, 6, 15",5848,1041,5207,6368.5,0
"20, 0, 20, 0, 10, 0, 20, 10, 20",6182,370,5544,6367,0
"15, 15, 15, 15, 15, 15, 5, 3, 2",5770,1186,5140,6363,0
"19, 19, 19, 1, 2, 1, 10, 19, 10",6162,401,5533,6362.5,0
"15, 4, 14, 3, 13, 3, 16, 15, 17",5917,887,5292,6360.5,0
"1, 1, 1, 1, 21, 20, 21, 14, 20",6048,615,5433,6355.5,0
"5, 15, 14, 3, 5, 15, 14, 15, 14",5676,1348,5072,6350,0
"6, 14, 14, 15, 5, 15, 15, 15, 1",5679,1341,5076,6349.5,0
"22, 22, 22, 22, 1, 2, 2, 2, 5",6164,360,5572,6344,0
"4, 4, 4, 4, 20, 15, 15, 14, 20",5920,842,5334,6341,0
"5, 15, 15, 15, 5, 14, 14, 14, 3",5610,1456,5030,6338,0
"4, 15, 15, 14, 5, 14, 14, 15, 4",5611,1454,5031,6338,0
"20, 1, 20, 25, 1, 1, 20, 5, 7",6095,467,5534,6328.5,0
"1, 12, 1, 15, 14, 1, 19, 19, 18",5990,674,5432,6327,0
"1, 20, 22, 20, 21, 1, 1, 1, 13",6046,558,5492,6325,0
"20, 20, 18, 15, 13, 8, 3, 2, 1",6044,559,5493,6323.5,0
"4, 14, 15, 15, 5, 14, 14, 15, 4",5607,1426,5063,6320,0
"0, 5, 15, 20, 20, 20, 15, 5, 0",5947,741,5408,6317.5,0
"15, 15, 15, 13, 4, 15, 4, 15, 4",5680,1272,5144,6316,0
"14, 4, 4, 15, 14, 15, 15, 4, 15",5817,994,5285,6314,0
"17, 5, 15, 7, 17, 5, 16, 4, 14",5952,717,5427,6310.5,0
"4, 15, 15, 14, 4, 14, 14, 15, 5",5598,1425,5073,6310.5,0
"4, 15, 15, 14, 4, 14, 14, 15, 5",5598,1425,5073,6310.5,0
"5, 5, 15, 15, 3, 15, 15, 13, 14",5672,1275,5149,6309.5,0
"0, 15, 0, 17, 17, 7, 15, 15, 14",5821,964,5311,6303,0
"2, 2, 2, 2, 2, 22, 22, 22, 24",6104,394,5598,6301,0
"4, 15, 15, 4, 15, 14, 15, 14, 4",5649,1297,5150,6297.5,0
"3, 13, 21, 21, 3, 2, 21, 13, 3",5926,736,5434,6294,0
"15, 14, 15, 15, 5, 2, 14, 5, 15",5682,1222,5192,6293,0
"20, 20, 2, 12, 2, 2, 2, 20, 20",6066,449,5581,6290.5,0
"7, 14, 15, 13, 6, 6, 6, 17, 16",5880,816,5400,6288,0
"17, 15, 3, 19, 2, 18, 11, 14, 1",5862,845,5389,6284.5,0
"7, 15, 6, 15, 14, 15, 6, 15, 7",5832,897,5367,6280.5,0
"21, 12, 1, 1, 1, 17, 17, 17, 13",5935,683,5478,6276.5,0
"0, 22, 22, 4, 0, 22, 4, 22, 4",6103,333,5660,6269.5,0
"2, 2, 6, 6, 14, 14, 17, 17, 22",5946,645,5505,6268.5,0
"15, 15, 15, 15, 0, 15, 5, 5, 15",5665,1201,5230,6265.5,0
"15, 15, 8, 1, 15, 15, 1, 15, 15",5742,1041,5313,6262.5,0
"0, 25, 20, 15, 0, 19, 21, 0, 0",5985,552,5559,6261,0
"18, 3, 18, 21, 21, 3, 3, 12, 1",6057,408,5631,6261,0
"15, 15, 15, 15, 15, 1, 8, 1, 15",5701,1113,5282,6257.5,0
"12, 1, 15, 16, 16, 15, 8, 15, 2",5768,970,5358,6253,0
"2, 15, 3, 15, 10, 15, 15, 15, 10",5684,1131,5281,6249.5,0
"15, 15, 9, 5, 4, 15, 15, 15, 7",5746,996,5354,6244,0
"1, 21, 1, 21, 1, 21, 21, 12, 1",5960,566,5570,6243,0
"14, 15, 15, 5, 1, 5, 15, 15, 15",5626,1231,5239,6241.5,0
"1, 15, 15, 15, 1, 15, 15, 15, 8",5527,1419,5150,6236.5,0
"5, 4, 15, 14, 5, 14, 14, 15, 14",5568,1337,5191,6236.5,0
"6, 15, 15, 2, 6, 14, 14, 14, 14",5578,1304,5214,6230,0
"21, 15, 21, 14, 21, 2, 2, 2, 2",5886,682,5528,6227,0
"14, 16, 4, 4, 21, 3, 14, 3, 21",5894,664,5538,6226,0
"6, 6, 7, 20, 20, 20, 7, 7, 7",6116,213,5767,6222.5,0
"19, 7, 16, 2, 10, 5, 18, 9, 14",5983,477,5636,6221.5,0
"5, 15, 5, 14, 3, 14, 15, 14, 15",5554,1335,5207,6221.5,0
"5, 14, 14, 15, 1, 15, 15, 15, 6",5537,1359,5200,6216.5,0
"3, 3, 22, 9, 2, 14, 22, 22, 3",5892,641,5563,6212.5,0
"4, 15, 15, 14, 6, 14, 14, 4, 14",5532,1356,5208,6210,0
"20, 1, 21, 21, 1, 13, 1, 21, 1",5887,644,5565,6209,0
"16, 2, 3, 15, 2, 16, 0, 30, 16",5836,745,5515,6208.5,0
"5, 14, 15, 15, 3, 14, 5, 14, 15",5524,1359,5213,6203.5,0
"21, 11, 18, 2, 15, 4, 18, 8, 3",5993,419,5684,6202.5,0
"15, 8, 15, 5, 17, 5, 15, 5, 15",5805,790,5501,6200,0
"4, 15, 15, 14, 5, 14, 14, 5, 14",5487,1406,5203,6190,0
"6, 14, 14, 15, 6, 14, 2, 15, 14",5565,1247,5284,6188.5,0
"18, 17, 16, 15, 10, 9, 8, 6, 1",5915,547,5634,6188.5,0
"3, 1, 23, 1, 22, 23, 1, 3, 23",5989,393,5714,6185.5,0
"5, 5, 16, 5, 18, 15, 10, 10, 16",5875,620,5601,6185,0
"15, 15, 15, 15, 15, 15, 8, 1, 1",5584,1201,5311,6184.5,0
"15, 6, 15, 6, 16, 6, 15, 6, 15",5798,767,5531,6181.5,0
"15, 4, 15, 14, 15, 4, 14, 15, 4",5606,1149,5341,6180.5,0
"5, 14, 15, 14, 7, 14, 15, 2, 14",5532,1290,5274,6177,0
"3, 16, 15, 14, 14, 14, 14, 5, 5",5539,1267,5290,6172.5,0
"16, 11, 17, 12, 15, 3, 17, 5, 4",5882,580,5634,6172,0
"21, 21, 2, 2, 21, 2, 2, 8, 21",6041,260,5795,6171,0
"7, 7, 7, 7, 3, 3, 22, 22, 22",6056,226,5814,6169,0
"4, 14, 14, 14, 5, 15, 14, 15, 5",5473,1389,5234,6167.5,0
"1, 15, 15, 15, 15, 15, 15, 8, 1",5506,1306,5284,6159,0
"4, 15, 15, 14, 5, 14, 13, 5, 15",5487,1343,5266,6158.5,0
"4, 15, 15, 14, 4, 14, 14, 14, 6",5442,1427,5227,6155.5,0
"18, 18, 18, 9, 9, 9, 3, 3, 13",5954,369,5773,6138.5,0
"20, 2, 12, 2, 20, 2, 20, 2, 20",5915,440,5741,6135,0
"25, 25, 20, 5, 3, 2, 15, 2, 3",5842,568,5686,6126,0
"2, 16, 9, 2, 16, 9, 21, 16, 9",5846,560,5690,6126,0
"21, 21, 1, 21, 21, 1, 10, 2, 2",5946,352,5798,6122,0
"12, 1, 15, 1, 15, 15, 15, 15, 11",5599,1045,5452,6121.5,0
"5, 5, 5, 20, 20, 25, 10, 5, 5",5951,335,5810,6118.5,0
"7, 7, 15, 7, 7, 15, 12, 15, 15",5709,817,5570,6117.5,0
"2, 11, 1, 21, 1, 21, 16, 15, 12",5744,747,5605,6117.5,0
"15, 15, 15, 14, 10, 14, 1, 15, 1",5458,1302,5336,6109,0
"13, 0, 0, 16, 15, 15, 15, 14, 12",5610,998,5488,6109,0
"8, 15, 8, 15, 8, 15, 8, 15, 8",5705,804,5587,6107,0
"20, 2, 20, 15, 3, 15, 11, 3, 11",5716,772,5608,6102,0
"20, 2, 20, 15, 3, 15, 11, 3, 11",5716,772,5608,6102,0
"10, 20, 7, 15, 15, 5, 15, 3, 10",5779,633,5684,6095.5,0
"12, 17, 3, 15, 16, 14, 13, 3, 7",5663,851,5582,6088.5,0
"15, 15, 5, 14, 5, 14, 4, 15, 13",5484,1200,5412,6084,0
"15, 5, 15, 5, 15, 5, 15, 10, 15",5647,866,5583,6080,0
"6, 15, 14, 15, 7, 14, 14, 14, 1",5398,1362,5336,6079,0
"5, 15, 14, 14, 5, 14, 14, 14, 5",5368,1415,5313,6075.5,0
"0, 2, 15, 13, 9, 13, 16, 16, 16",5546,1040,5510,6066,0
"5, 5, 15, 14, 5, 13, 15, 13, 15",5447,1231,5418,6062.5,0
"15, 5, 15, 10, 15, 5, 15, 5, 15",5628,868,5600,6062,0
"3, 7, 13, 18, 18, 18, 13, 7, 3",5739,642,5715,6060,0
"5, 14, 13, 15, 5, 13, 15, 15, 5",5444,1229,5423,6058.5,0
"4, 14, 6, 15, 14, 15, 14, 14, 4",5438,1240,5418,6058,0
"22, 15, 5, 7, 2, 3, 20, 2, 24",5798,518,5780,6057,0
"5, 14, 14, 15, 5, 13, 15, 14, 5",5385,1329,5382,6049.5,0
"14, 14, 14, 15, 15, 15, 4, 5, 4",5471,1157,5468,6049.5,0
"5, 14, 14, 14, 5, 14, 14, 15, 5",5358,1383,5355,6049.5,0
"6, 14, 14, 14, 6, 14, 17, 3, 12",5504,1084,5508,6046,0
"0, 6, 22, 6, 22, 22, 0, 0, 22",5929,227,5940,6042.5,0
"14, 1, 11, 15, 12, 16, 16, 14, 1",5526,1021,5549,6036.5,0
"15, 7, 15, 6, 14, 6, 15, 7, 15",5630,779,5687,6019.5,0
"5, 13, 13, 15, 5, 5, 14, 15, 15",5449,1140,5507,6019,0
"2, 15, 15, 13, 5, 14, 14, 15, 7",5325,1386,5385,6018,0
"12, 2, 15, 15, 12, 15, 2, 12, 15",5535,957,5604,6013.5,0
"22, 0, 22, 22, 22, 2, 2, 8, 0",5891,243,5962,6012.5,0
"2, 15, 15, 8, 2, 13, 15, 15, 15",5348,1320,5428,6008,0
"15, 14, 15, 14, 15, 14, 3, 5, 5",5418,1170,5508,6003,0
"5, 4, 22, 14, 25, 15, 2, 3, 10",5682,642,5772,6003,0
"20, 15, 10, 10, 3, 3, 4, 20, 15",5659,683,5754,6000.5,0
"15, 6, 13, 4, 11, 19, 7, 16, 9",5741,517,5838,5999.5,0
"1, 15, 14, 21, 12, 21, 13, 1, 2",5521,942,5633,5992,0
"15, 14, 15, 15, 15, 13, 4, 5, 4",5414,1151,5531,5989.5,0
"15, 20, 16, 10, 11, 15, 10, 2, 1",5627,722,5747,5988,0
"14, 15, 14, 0, 14, 0, 15, 14, 14",5359,1257,5480,5987.5,0
"14, 0, 0, 14, 14, 15, 14, 14, 15",5368,1220,5508,5978,0
"3, 6, 14, 14, 5, 14, 14, 14, 16",5310,1326,5460,5973,0
"11, 9, 20, 5, 0, 17, 13, 6, 19",5729,474,5893,5966,0
"12, 1, 1, 15, 14, 14, 15, 14, 14",5374,1173,5549,5960.5,0
"14, 14, 15, 5, 5, 14, 14, 5, 14",5329,1249,5518,5953.5,0
"2, 10, 15, 15, 15, 15, 15, 10, 3",5390,1114,5592,5947,0
"15, 15, 0, 0, 14, 14, 14, 14, 14",5305,1277,5514,5943.5,0
"6, 14, 4, 14, 6, 14, 14, 14, 14",5313,1260,5523,5943,0
"6, 14, 4, 14, 6, 14, 14, 14, 14",5313,1260,5523,5943,0
"0, 9, 6, 8, 17, 17, 10, 16, 17",5718,443,5935,5939.5,0
"15, 15, 14, 14, 14, 0, 15, 0, 13",5313,1239,5544,5932.5,0
"0, 14, 16, 16, 12, 16, 12, 14, 0",5406,1050,5640,5931,0
"15, 14, 0, 14, 14, 14, 0, 15, 14",5312,1237,5547,5930.5,0
"3, 13, 12, 20, 2, 14, 14, 18, 4",5421,993,5682,5917.5,0
"15, 7, 15, 7, 12, 7, 15, 7, 15",5547,726,5823,5910,0
"1, 15, 15, 15, 1, 15, 14, 14, 10",5151,1489,5456,5895.5,0
"21, 22, 21, 9, 4, 10, 0, 0, 13",5703,384,6009,5895,0
"5, 19, 5, 14, 15, 9, 13, 14, 6",5490,798,5808,5889,0
"15, 15, 15, 14, 13, 14, 14, 0, 0",5221,1320,5555,5881,0
"15, 13, 15, 5, 5, 5, 14, 13, 15",5329,1088,5679,5873,0
"5, 15, 14, 5, 15, 14, 5, 13, 14",5286,1161,5649,5866.5,0
"1, 15, 14, 15, 1, 15, 14, 15, 10",5133,1466,5497,5866,0
"6, 14, 3, 12, 8, 15, 15, 13, 14",5348,1015,5733,5855.5,0
"24, 24, 1, 1, 1, 24, 1, 23, 1",5639,431,6026,5854.5,0
"14, 15, 14, 0, 15, 14, 14, 0, 14",5198,1310,5588,5853,0
"15, 8, 15, 8, 8, 8, 15, 8, 15",5505,684,5907,5847,0
"0, 3, 0, 3, 0, 21, 23, 23, 27",5674,340,6082,5844,0
"1, 15, 15, 14, 1, 15, 10, 15, 14",5121,1444,5531,5843,0
"15, 1, 15, 13, 12, 13, 15, 1, 15",5247,1179,5670,5836.5,0
"14, 14, 15, 14, 14, 15, 14, 0, 0",5164,1325,5607,5826.5,0
"1, 13, 1, 24, 1, 22, 6, 14, 18",5469,715,5912,5826.5,0
"15, 14, 14, 14, 14, 14, 0, 0, 15",5190,1267,5639,5823.5,0
"3, 21, 13, 3, 21, 12, 3, 3, 21",5554,532,6010,5820,0
"0, 24, 22, 10, 0, 0, 22, 0, 22",5669,289,6138,5813.5,0
"15, 10, 20, 0, 15, 20, 10, 10, 0",5559,500,6037,5809,0
"4, 15, 15, 13, 4, 13, 13, 15, 8",5162,1293,5641,5808.5,0
"1, 15, 15, 14, 0, 15, 14, 15, 11",5091,1430,5575,5806,0
"15, 14, 14, 0, 15, 0, 14, 14, 14",5163,1285,5648,5805.5,0
"17, 5, 8, 14, 17, 9, 8, 5, 17",5564,468,6064,5798,0
"20, 5, 1, 3, 13, 13, 10, 15, 20",5449,678,5969,5788,0
"9, 9, 9, 15, 14, 1, 15, 15, 13",5355,851,5890,5780.5,0
"14, 7, 14, 14, 7, 14, 15, 7, 8",5297,958,5841,5776,0
"11, 13, 14, 0, 14, 0, 14, 20, 14",5286,974,5836,5773,0
"12, 4, 26, 4, 10, 4, 24, 4, 12",5644,252,6200,5770,0
"16, 5, 14, 14, 5, 13, 13, 5, 15",5207,1124,5765,5769,0
"10, 5, 10, 5, 1, 15, 20, 25, 9",5514,510,6072,5769,0
"6, 14, 14, 14, 14, 14, 6, 14, 4",5157,1223,5716,5768.5,0
"1, 6, 14, 16, 26, 16, 14, 6, 1",5302,931,5863,5767.5,0
"14, 14, 15, 14, 0, 15, 14, 0, 14",5062,1402,5632,5763,0
"1, 30, 20, 20, 25, 1, 1, 1, 1",5499,515,6082,5756.5,0
"0, 0, 15, 15, 15, 14, 14, 14, 13",5069,1374,5653,5756,0
"14, 14, 15, 0, 15, 14, 14, 14, 0",5070,1358,5668,5749,0
"15, 14, 15, 14, 14, 14, 14, 0, 0",5074,1346,5676,5747,0
"14, 1, 1, 14, 14, 14, 14, 14, 14",5095,1301,5700,5745.5,0
"14, 1, 1, 14, 14, 14, 14, 14, 14",5095,1301,5700,5745.5,0
"14, 0, 14, 15, 15, 14, 14, 14, 0",5080,1330,5686,5745,0
"6, 15, 15, 14, 13, 6, 12, 6, 13",5275,939,5882,5744.5,0
"13, 13, 1, 14, 15, 14, 1, 15, 14",5154,1175,5767,5741.5,0
"17, 16, 15, 14, 13, 13, 12, 0, 0",5231,1019,5846,5740.5,0
"14, 14, 14, 15, 0, 0, 14, 14, 15",5052,1372,5672,5738,0
"15, 11, 15, 4, 11, 4, 15, 11, 14",5319,836,5941,5737,0
"15, 9, 3, 19, 7, 10, 9, 12, 16",5538,386,6172,5731,0
"14, 13, 12, 14, 14, 18, 4, 5, 6",5355,740,6001,5725,0
"14, 1, 14, 14, 14, 1, 14, 14, 14",5069,1309,5718,5723.5,0
"15, 0, 15, 14, 0, 14, 14, 14, 14",5014,1418,5664,5723,0
"4, 15, 15, 15, 2, 13, 14, 12, 10",5088,1268,5740,5722,0
"14, 1, 14, 14, 15, 14, 14, 0, 14",5066,1310,5720,5721,0
"2, 14, 14, 14, 18, 14, 5, 5, 14",5120,1193,5783,5716.5,0
"14, 15, 14, 14, 0, 14, 14, 0, 15",5003,1415,5678,5710.5,0
"14, 14, 1, 14, 14, 14, 14, 1, 14",5048,1314,5734,5705,0
"15, 14, 0, 14, 0, 14, 15, 13, 15",5054,1299,5743,5703.5,0
"14, 14, 14, 1, 14, 1, 14, 14, 14",5052,1300,5744,5702,0
"14, 14, 6, 14, 14, 14, 5, 14, 5",5147,1105,5844,5699.5,0
"14, 14, 15, 1, 1, 14, 14, 15, 12",5009,1373,5714,5695.5,0
"14, 14, 14, 1, 14, 14, 1, 14, 14",5041,1298,5757,5690,0
"14, 16, 12, 10, 15, 3, 15, 3, 12",5303,773,6020,5689.5,0
"2, 14, 15, 14, 2, 14, 10, 15, 14",4984,1405,5707,5686.5,0
"14, 14, 14, 14, 14, 14, 5, 6, 5",5125,1121,5850,5685.5,0
"14, 1, 14, 14, 14, 14, 14, 1, 14",5019,1329,5748,5683.5,0
"13, 14, 5, 16, 4, 11, 6, 8, 23",5390,586,6120,5683,0
"13, 15, 14, 15, 2, 12, 1, 14, 14",5055,1254,5787,5682,0
"13, 15, 14, 1, 14, 13, 15, 14, 1",5026,1310,5760,5681,0
"14, 14, 14, 14, 14, 14, 1, 1, 14",5011,1320,5765,5671,0
"14, 14, 14, 14, 14, 14, 1, 1, 14",5011,1320,5765,5671,0
"14, 14, 14, 14, 14, 14, 1, 1, 14",5011,1320,5765,5671,0
"14, 14, 14, 14, 14, 14, 1, 1, 14",5011,1320,5765,5671,0
"14, 3, 14, 14, 13, 14, 14, 0, 14",5037,1261,5798,5667.5,0
"14, 6, 14, 14, 3, 14, 14, 7, 14",5039,1243,5814,5660.5,0
"0, 15, 14, 15, 14, 14, 14, 14, 0",4933,1451,5712,5658.5,0
"14, 14, 14, 15, 15, 7, 7, 7, 7",5225,859,6012,5654.5,0
"0, 14, 15, 14, 14, 14, 14, 15, 0",4935,1438,5723,5654,0
"10, 2, 15, 10, 11, 17, 14, 10, 11",5295,697,6104,5643.5,0
"14, 15, 14, 14, 0, 14, 15, 14, 0",4912,1459,5725,5641.5,0
"14, 12, 17, 0, 11, 12, 15, 6, 13",5293,694,6109,5640,0
"15, 15, 10, 0, 0, 0, 30, 15, 15",5216,844,6036,5638,0
"14, 14, 14, 6, 14, 6, 14, 4, 14",5115,1045,5936,5637.5,0
"0, 14, 14, 15, 1, 15, 15, 14, 12",4917,1434,5745,5634,0
"14, 14, 14, 14, 2, 14, 0, 14, 14",4907,1454,5735,5634,0
"14, 14, 14, 14, 2, 14, 0, 14, 14",4907,1454,5735,5634,0
"15, 13, 1, 1, 15, 14, 15, 13, 13",5064,1136,5896,5632,0
"15, 14, 14, 14, 15, 14, 14, 0, 0",4954,1353,5789,5630.5,0
"1, 15, 13, 14, 0, 16, 15, 14, 12",4974,1309,5813,5628.5,0
"2, 11, 2, 13, 15, 14, 11, 16, 16",5166,922,6008,5627,0
"14, 14, 14, 7, 14, 14, 4, 5, 14",5085,1081,5930,5625.5,0
"12, 13, 13, 16, 14, 14, 2, 2, 14",5126,995,5975,5623.5,0
"13, 3, 14, 14, 11, 14, 14, 14, 3",4972,1302,5822,5623,0
"14, 15, 14, 14, 0, 14, 14, 1, 14",4893,1459,5744,5622.5,0
"15, 14, 13, 15, 1, 15, 13, 0, 14",4953,1332,5811,5619,0
"4, 9, 13, 15, 4, 14, 14, 13, 14",5010,1217,5869,5618.5,0
"10, 5, 0, 15, 25, 10, 5, 25, 5",5429,379,6288,5618.5,0
"14, 14, 14, 1, 0, 14, 15, 14, 14",4919,1397,5780,5617.5,0
"0, 15, 15, 14, 0, 14, 14, 14, 14",4843,1547,5706,5616.5,0
"0, 15, 15, 14, 0, 14, 14, 14, 14",4843,1547,5706,5616.5,0
"1, 1, 15, 26, 1, 31, 2, 21, 2",5271,690,6135,5616,0
"6, 29, 5, 28, 8, 6, 5, 6, 7",5544,142,6410,5615,0
"0, 15, 15, 15, 0, 13, 14, 14, 14",4864,1501,5731,5614.5,0
"7, 14, 14, 14, 5, 14, 13, 13, 6",4993,1240,5863,5613,0
"16, 15, 2, 2, 15, 14, 13, 12, 11",5140,943,6013,5611.5,0
"13, 14, 6, 14, 6, 14, 6, 14, 13",5064,1093,5939,5610.5,0
"10, 15, 10, 5, 10, 15, 10, 15, 10",5246,718,6132,5605,0
"4, 15, 15, 12, 11, 12, 12, 15, 4",5124,959,6013,5603.5,0
"30, 5, 17, 0, 12, 0, 8, 5, 23",5439,320,6337,5599,0
"13, 14, 14, 14, 2, 1, 14, 14, 14",4882,1431,5783,5597.5,0
"6, 14, 6, 14, 6, 13, 13, 13, 15",5044,1103,5949,5595.5,0
"0, 15, 14, 15, 0, 14, 14, 14, 14",4831,1528,5737,5595,0
"2, 14, 9, 14, 5, 14, 14, 14, 14",4911,1367,5818,5594.5,0
"0, 15, 13, 15, 0, 15, 14, 13, 15",4913,1361,5822,5593.5,0
"14, 4, 14, 13, 10, 14, 14, 3, 14",4995,1193,5908,5591.5,0
"0, 14, 15, 14, 0, 14, 14, 15, 14",4833,1515,5748,5590.5,0
"14, 14, 1, 14, 1, 14, 14, 14, 14",4842,1494,5760,5589,0
"14, 14, 1, 14, 1, 14, 14, 14, 14",4842,1494,5760,5589,0
"31, 21, 16, 13, 12, 2, 2, 2, 1",5272,631,6193,5587.5,0
"14, 14, 14, 14, 1, 15, 1, 13, 14",4867,1428,5801,5581,0
"14, 14, 14, 1, 14, 14, 14, 14, 1",4884,1392,5820,5580,0
"14, 14, 14, 1, 14, 14, 14, 14, 1",4884,1392,5820,5580,0
"13, 2, 13, 2, 12, 12, 12, 17, 17",5279,600,6217,5579,0
"1, 13, 14, 15, 13, 16, 14, 13, 1",4926,1304,5866,5578,0
"0, 14, 14, 14, 0, 15, 14, 15, 14",4827,1493,5776,5573.5,0
"15, 15, 14, 14, 0, 14, 14, 14, 0",4828,1489,5779,5572.5,0
"14, 1, 14, 14, 1, 14, 14, 14, 14",4813,1509,5774,5567.5,0
"14, 1, 14, 14, 1, 14, 14, 14, 14",4813,1509,5774,5567.5,0
"14, 14, 14, 14, 1, 1, 14, 14, 14",4816,1502,5778,5567,0
"14, 14, 14, 14, 1, 1, 14, 14, 14",4816,1502,5778,5567,0
"14, 7, 14, 7, 16, 7, 14, 7, 14",5160,808,6128,5564,0
"0, 14, 14, 14, 0, 14, 15, 15, 14",4821,1484,5791,5563,0
"10, 10, 10, 15, 20, 15, 5, 10, 5",5263,596,6237,5561,0
"14, 14, 14, 14, 14, 14, 14, 1, 1",4854,1414,5828,5561,0
"14, 16, 16, 12, 14, 11, 8, 8, 1",5202,712,6182,5558,0
"14, 15, 12, 15, 14, 12, 2, 14, 2",5047,1021,6028,5557.5,0
"0, 16, 16, 13, 0, 13, 13, 14, 15",4918,1276,5902,5556,0
"14, 14, 14, 14, 1, 14, 1, 14, 14",4805,1500,5791,5555,0
"14, 14, 11, 14, 2, 14, 14, 2, 15",4912,1279,5905,5551.5,0
"0, 15, 14, 14, 0, 14, 14, 14, 15",4786,1529,5781,5550.5,0
"0, 16, 12, 13, 3, 18, 12, 11, 15",5128,843,6125,5549.5,0
"0, 25, 0, 0, 15, 25, 0, 10, 25",5366,365,6365,5548.5,0
"1, 14, 14, 14, 1, 15, 14, 15, 12",4792,1504,5800,5544,0
"1, 14, 14, 14, 14, 15, 14, 2, 12",4875,1332,5889,5541,0
"10, 13, 14, 11, 8, 15, 4, 15, 10",5116,848,6132,5540,0
"13, 14, 14, 14, 13, 14, 14, 2, 2",4889,1301,5906,5539.5,0
"30, 21, 15, 11, 8, 6, 4, 3, 2",5299,481,6316,5539.5,0
"13, 13, 15, 1, 14, 13, 14, 3, 14",4943,1187,5966,5536.5,0
"13, 6, 6, 13, 6, 13, 13, 17, 13",5095,873,6128,5531.5,0
"17, 8, 8, 8, 17, 8, 8, 8, 18",5435,192,6469,5531,0
"13, 2, 14, 14, 1, 14, 14, 14, 14",4798,1460,5838,5528,0
"14, 14, 14, 14, 1, 14, 14, 1, 14",4766,1522,5808,5527,0
"14, 14, 14, 14, 1, 14, 14, 1, 14",4766,1522,5808,5527,0
"3, 15, 15, 12, 1, 12, 12, 15, 15",4927,1175,5994,5514.5,0
"14, 14, 14, 5, 15, 10, 14, 0, 14",4971,1085,6040,5513.5,0
"13, 13, 2, 14, 14, 15, 13, 14, 2",4927,1172,5997,5513,0
"13, 14, 13, 15, 5, 13, 0, 14, 13",4884,1254,5958,5511,0
"1, 15, 14, 15, 1, 15, 13, 13, 13",4754,1513,5829,5510.5,0
"12, 13, 13, 2, 16, 15, 14, 2, 13",4991,1033,6072,5507.5,0
"23, 5, 11, 0, 17, 25, 1, 10, 8",5363,288,6445,5507,0
"1, 15, 15, 14, 1, 14, 13, 14, 13",4704,1604,5788,5506,0
"14, 15, 13, 13, 1, 15, 15, 13, 1",4808,1394,5894,5505,0
"15, 15, 14, 14, 1, 14, 14, 12, 1",4775,1457,5864,5503.5,0
"10, 4, 12, 8, 22, 14, 24, 4, 2",5272,457,6367,5500.5,0
"15, 1, 15, 1, 36, 1, 15, 1, 15",5049,898,6149,5498,0
"13, 14, 14, 13, 12, 3, 14, 3, 14",4897,1198,6001,5496,0
"3, 3, 9, 26, 26, 26, 1, 3, 3",5278,430,6388,5493,0
"13, 1, 14, 14, 14, 13, 14, 14, 3",4817,1335,5944,5484.5,0
"4, 15, 15, 14, 1, 14, 12, 12, 13",4819,1329,5948,5483.5,0
"15, 16, 15, 13, 1, 8, 12, 7, 13",4972,1011,6113,5477.5,0
"13, 14, 6, 6, 14, 14, 14, 6, 13",4990,972,6134,5476,0
"13, 14, 14, 14, 2, 14, 14, 14, 1",4714,1523,5859,5475.5,0
"2, 12, 13, 16, 14, 16, 13, 12, 2",5014,921,6161,5474.5,0
"1, 14, 2, 14, 14, 14, 14, 13, 14",4784,1379,5933,5473.5,0
"2, 13, 14, 2, 13, 14, 14, 14, 14",4807,1332,5957,5473,0
"2, 12, 16, 12, 16, 16, 12, 12, 2",5101,744,6251,5473,0
"2, 14, 10, 12, 16, 3, 14, 14, 15",4940,1062,6094,5471,0
"14, 14, 14, 14, 12, 14, 3, 12, 3",4875,1189,6032,5469.5,0
"1, 15, 15, 13, 1, 14, 13, 14, 14",4675,1588,5833,5469,0
"15, 1, 14, 13, 1, 13, 15, 13, 15",4790,1353,5953,5466.5,0
"14, 14, 14, 13, 14, 2, 14, 2, 13",4843,1246,6007,5466,0
"8, 15, 10, 11, 9, 9, 20, 8, 10",5269,383,6444,5460.5,0
"14, 14, 2, 13, 14, 13, 2, 14, 14",4853,1212,6031,5459,0
"14, 14, 14, 2, 14, 14, 14, 12, 2",4850,1215,6031,5457.5,0
"7, 14, 12, 14, 7, 14, 11, 14, 7",4982,950,6164,5457,0
"12, 14, 14, 14, 2, 14, 3, 13, 14",4791,1326,5979,5454,0
"1, 14, 15, 13, 1, 14, 15, 13, 14",4682,1543,5871,5453.5,0
"2, 15, 15, 13, 2, 13, 12, 15, 13",4763,1376,5957,5451,0
"1, 14, 14, 14, 14, 14, 14, 14, 1",4673,1545,5878,5445.5,0
"1, 14, 14, 14, 14, 14, 14, 14, 1",4673,1545,5878,5445.5,0
"1, 14, 14, 14, 14, 14, 14, 14, 1",4673,1545,5878,5445.5,0
"2, 13, 13, 2, 13, 14, 14, 14, 15",4827,1237,6032,5445.5,0
"14, 14, 14, 14, 1, 14, 14, 14, 1",4648,1594,5854,5445,0
"14, 14, 14, 14, 1, 14, 14, 14, 1",4648,1594,5854,5445,0
"14, 14, 14, 14, 1, 14, 14, 14, 1",4648,1594,5854,5445,0
"0, 14, 14, 14, 16, 14, 14, 14, 0",4720,1449,5927,5444.5,0
"1, 15, 14, 14, 1, 14, 13, 14, 14",4634,1617,5845,5442.5,0
"0, 13, 13, 14, 2, 15, 13, 15, 15",4782,1319,5995,5441.5,0
"5, 7, 9, 8, 9, 10, 17, 10, 25",5326,231,6539,5441.5,0
"13, 2, 13, 4, 13, 14, 15, 13, 13",4925,1029,6142,5439.5,0
"0, 14, 14, 14, 2, 14, 14, 14, 14",4653,1572,5871,5439,0
"12, 13, 14, 3, 14, 3, 14, 14, 13",4868,1134,6094,5435,0
"2, 15, 12, 15, 15, 14, 13, 12, 2",4860,1150,6086,5435,0
"3, 14, 14, 14, 14, 14, 14, 13, 0",4700,1462,5934,5431,0
"16, 15, 14, 13, 12, 11, 10, 5, 4",4976,907,6213,5429.5,0
"1, 15, 14, 13, 1, 13, 14, 15, 14",4633,1583,5880,5424.5,0
"2, 15, 15, 13, 2, 12, 14, 13, 14",4739,1366,5991,5422,0
"2, 15, 14, 15, 1, 13, 14, 13, 13",4648,1539,5909,5417.5,0
"12, 13, 13, 15, 4, 4, 15, 12, 12",4975,883,6238,5416.5,0
"2, 14, 14, 14, 0, 14, 14, 14, 14",4632,1567,5897,5415.5,0
"1, 13, 13, 15, 2, 13, 15, 15, 13",4736,1357,6003,5414.5,0
"13, 3, 3, 13, 13, 13, 14, 14, 14",4831,1163,6102,5412.5,0
"15, 3, 15, 13, 13, 13, 13, 2, 13",4834,1157,6105,5412.5,0
"1, 14, 14, 14, 1, 14, 14, 14, 14",4585,1653,5858,5411.5,0
"1, 14, 14, 14, 1, 14, 14, 14, 14",4585,1653,5858,5411.5,0
"1, 14, 14, 14, 1, 14, 14, 14, 14",4585,1653,5858,5411.5,0
"1, 14, 14, 14, 1, 14, 14, 14, 14",4585,1653,5858,5411.5,0
"1, 14, 14, 14, 1, 14, 14, 14, 14",4585,1653,5858,5411.5,0
"1, 14, 14, 14, 1, 14, 14, 14, 14",4585,1653,5858,5411.5,0
"1, 14, 14, 14, 1, 14, 14, 14, 14",4585,1653,5858,5411.5,0
"1, 14, 14, 14, 1, 14, 14, 14, 14",4585,1653,5858,5411.5,0
"1, 14, 14, 14, 1, 14, 14, 14, 14",4585,1653,5858,5411.5,0
"1, 14, 14, 14, 1, 14, 14, 14, 14",4585,1653,5858,5411.5,0
"14, 14, 2, 13, 2, 14, 13, 14, 14",4726,1366,6004,5409,0
"1, 13, 13, 13, 1, 15, 14, 15, 15",4698,1416,5982,5406,0
"2, 14, 14, 13, 1, 15, 15, 13, 13",4658,1494,5944,5405,0
"1, 13, 14, 15, 1, 13, 15, 13, 15",4681,1440,5975,5401,0
"1, 14, 12, 14, 14, 3, 14, 14, 14",4759,1282,6055,5400,0
"2, 15, 14, 14, 1, 13, 14, 14, 13",4592,1608,5896,5396,0
"14, 14, 12, 14, 2, 14, 14, 14, 2",4712,1368,6016,5396,0
"19, 11, 18, 12, 8, 0, 12, 9, 11",5234,319,6543,5393.5,0
"2, 14, 14, 14, 2, 14, 14, 12, 14",4665,1456,5975,5393,0
"14, 14, 14, 13, 2, 14, 14, 14, 1",4626,1527,5943,5389.5,0
"14, 14, 6, 13, 14, 6, 13, 14, 6",4896,981,6219,5386.5,0
"14, 13, 13, 1, 4, 14, 14, 13, 14",4761,1241,6094,5381.5,0
"15, 13, 2, 14, 2, 13, 13, 15, 13",4750,1263,6083,5381.5,0
"4, 13, 15, 14, 1, 12, 14, 12, 15",4769,1224,6103,5381,0
"2, 14, 14, 14, 1, 14, 14, 14, 13",4567,1626,5903,5380,0
"2, 13, 14, 15, 2, 15, 13, 13, 13",4687,1384,6025,5379,0
"2, 13, 13, 15, 2, 13, 15, 12, 15",4770,1216,6110,5378,0
"4, 14, 14, 13, 6, 14, 13, 13, 9",4759,1238,6099,5378,0
"13, 14, 13, 2, 15, 14, 14, 13, 2",4773,1207,6116,5376.5,0
"13, 3, 13, 14, 13, 14, 14, 13, 3",4780,1193,6123,5376.5,0
"2, 15, 15, 13, 2, 13, 13, 14, 13",4627,1496,5973,5375,0
"14, 3, 13, 14, 13, 3, 14, 13, 13",4818,1114,6164,5375,0
"2, 14, 14, 2, 14, 14, 13, 13, 14",4701,1340,6055,5371,0
"14, 13, 3, 13, 13, 3, 14, 14, 13",4805,1129,6162,5369.5,0
"2, 15, 13, 14, 2, 14, 13, 14, 13",4630,1475,5991,5367.5,0
"2, 14, 14, 14, 14, 14, 12, 14, 2",4688,1359,6049,5367.5,0
"14, 13, 13, 13, 14, 2, 3, 15, 13",4836,1063,6197,5367.5,0
"12, 13, 14, 14, 3, 14, 14, 13, 3",4685,1363,6048,5366.5,0
"15, 14, 13, 12, 2, 2, 13, 14, 15",4785,1157,6154,5363.5,0
"14, 3, 14, 13, 13, 3, 14, 13, 13",4782,1162,6152,5363,0
"0, 14, 14, 14, 3, 13, 14, 14, 14",4585,1554,5957,5362,0
"12, 15, 4, 13, 3, 12, 13, 14, 14",4799,1126,6171,5362,0
"2, 14, 14, 12, 2, 14, 14, 14, 14",4634,1454,6008,5361,0
"2, 13, 14, 14, 1, 14, 14, 14, 14",4573,1571,5952,5358.5,0
"15, 10, 3, 2, 25, 12, 13, 15, 5",5027,658,6411,5356,0
"2, 15, 14, 13, 2, 14, 13, 14, 13",4594,1523,5979,5355.5,0
"2, 14, 13, 14, 2, 15, 13, 14, 13",4632,1444,6020,5354,0
"14, 13, 14, 3, 13, 3, 14, 13, 13",4788,1127,6181,5351.5,0
"13, 14, 13, 14, 4, 14, 14, 13, 1",4666,1370,6060,5351,0
"14, 13, 14, 14, 3, 2, 13, 13, 14",4704,1291,6101,5349.5,0
"2, 13, 13, 15, 2, 13, 15, 14, 13",4666,1366,6064,5349,0
"2, 13, 13, 15, 2, 13, 15, 14, 13",4666,1366,6064,5349,0
"13, 3, 3, 14, 14, 13, 13, 14, 13",4762,1169,6165,5346.5,0
"2, 13, 14, 14, 2, 14, 14, 14, 13",4580,1520,5996,5340,0
"13, 14, 14, 13, 13, 3, 13, 14, 3",4723,1233,6140,5339.5,0
"1, 22, 10, 20, 0, 25, 11, 10, 1",5106,460,6530,5336,0
"2, 14, 14, 14, 1, 13, 14, 14, 14",4530,1612,5954,5336,0
"2, 14, 13, 15, 2, 13, 14, 14, 13",4602,1465,6029,5334.5,0
"13, 14, 13, 14, 3, 14, 13, 14, 2",4639,1380,6077,5329,0
"14, 14, 14, 13, 3, 14, 14, 12, 2",4648,1361,6087,5328.5,0
"10, 9, 10, 12, 4, 13, 15, 16, 11",4969,718,6409,5328,0
"4, 14, 14, 4, 14, 13, 10, 13, 14",4753,1145,6198,5325.5,0
"13, 3, 13, 14, 14, 14, 13, 3, 13",4751,1149,6196,5325.5,0
"14, 14, 11, 13, 5, 23, 12, 7, 1",4927,796,6373,5325,0
"2, 14, 14, 13, 2, 14, 14, 14, 13",4545,1559,5992,5324.5,0
"13, 4, 15, 12, 15, 11, 4, 12, 14",4931,782,6383,5322,0
"1, 12, 15, 12, 5, 14, 13, 14, 14",4708,1227,6161,5321.5,0
"3, 14, 14, 13, 13, 3, 13, 14, 13",4657,1326,6113,5320,0
"14, 13, 14, 13, 2, 13, 14, 2, 15",4655,1327,6114,5318.5,0
"13, 13, 14, 14, 5, 13, 13, 1, 14",4678,1280,6138,5318,0
"3, 13, 16, 13, 2, 14, 13, 13, 13",4644,1341,6111,5314.5,0
"2, 13, 14, 14, 15, 14, 14, 12, 2",4664,1295,6137,5311.5,0
"2, 15, 14, 13, 2, 13, 13, 14, 14",4557,1509,6030,5311.5,0
"5, 14, 11, 14, 5, 14, 11, 13, 13",4739,1128,6229,5303,0
"2, 13, 13, 13, 2, 15, 14, 13, 15",4633,1337,6126,5301.5,0
"11, 5, 13, 13, 14, 13, 15, 3, 13",4780,1041,6275,5300.5,0
"14, 13, 14, 1, 14, 13, 4, 13, 14",4731,1138,6227,5300,0
"3, 14, 13, 14, 3, 14, 13, 14, 12",4596,1406,6094,5299,0
"3, 13, 13, 3, 13, 13, 16, 13, 13",4739,1119,6238,5298.5,0
"13, 14, 13, 14, 3, 14, 13, 3, 13",4638,1320,6138,5298,0
"22, 2, 14, 12, 22, 1, 2, 13, 12",4974,641,6481,5294.5,0
"4, 14, 14, 13, 0, 14, 14, 13, 14",4559,1469,6068,5293.5,0
"1, 2, 1, 6, 26, 6, 26, 6, 26",5154,278,6664,5293,0
"13, 3, 14, 4, 13, 13, 14, 13, 13",4733,1119,6244,5292.5,0
"14, 2, 14, 14, 4, 13, 13, 13, 13",4641,1294,6161,5288,0
"10, 10, 14, 5, 8, 12, 14, 12, 15",4921,733,6442,5287.5,0
"3, 13, 14, 14, 1, 13, 14, 14, 14",4504,1566,6026,5287,0
"13, 3, 13, 14, 13, 13, 14, 4, 13",4736,1101,6259,5286.5,0
"3, 13, 13, 14, 14, 13, 2, 13, 15",4680,1211,6205,5285.5,0
"4, 14, 14, 14, 2, 13, 14, 12, 13",4586,1397,6113,5284.5,0
"4, 15, 14, 14, 1, 13, 13, 13, 13",4535,1494,6067,5282,0
"9, 13, 3, 13, 8, 13, 14, 14, 13",4729,1105,6262,5281.5,0
"13, 14, 12, 15, 3, 4, 13, 13, 13",4720,1122,6254,5281,0
"13, 4, 13, 13, 13, 3, 13, 14, 14",4756,1050,6290,5281,0
"5, 13, 13, 13, 4, 13, 10, 15, 14",4715,1131,6250,5280.5,0
"15, 13, 14, 13, 2, 13, 2, 13, 15",4650,1261,6185,5280.5,0
"14, 13, 13, 14, 4, 14, 14, 13, 1",4613,1335,6148,5280.5,0
"14, 14, 13, 13, 2, 3, 14, 13, 14",4622,1295,6179,5269.5,0
"3, 14, 14, 13, 2, 14, 13, 14, 13",4500,1536,6060,5268,0
"10, 11, 1, 13, 13, 16, 11, 11, 14",4904,727,6465,5267.5,0
"14, 14, 13, 14, 2, 13, 14, 3, 13",4586,1362,6148,5267,0
"3, 13, 13, 14, 2, 14, 14, 13, 14",4553,1428,6115,5267,0
"14, 13, 3, 13, 14, 3, 13, 14, 13",4707,1119,6270,5266.5,0
"13, 13, 14, 3, 3, 13, 13, 14, 14",4611,1304,6181,5263,0
"1, 12, 12, 13, 15, 15, 15, 12, 5",4791,936,6369,5259,0
"15, 10, 5, 11, 15, 13, 6, 10, 15",4929,657,6510,5257.5,0
"13, 13, 13, 14, 4, 3, 14, 13, 13",4663,1184,6249,5255,0
"13, 13, 13, 14, 3, 14, 14, 13, 3",4588,1331,6177,5253.5,0
"13, 3, 13, 14, 14, 13, 13, 14, 3",4647,1206,6243,5250,0
"14, 3, 13, 3, 14, 13, 14, 13, 13",4677,1139,6280,5246.5,0
"13, 14, 4, 13, 8, 13, 8, 14, 13",4723,1041,6332,5243.5,0
"14, 14, 3, 13, 3, 13, 14, 13, 13",4572,1339,6185,5241.5,0
"3, 14, 13, 14, 13, 13, 13, 14, 3",4559,1363,6174,5240.5,0
"14, 14, 14, 13, 2, 13, 3, 13, 14",4562,1348,6186,5236,0
"3, 13, 13, 14, 3, 14, 14, 13, 13",4522,1424,6150,5234,0
"3, 13, 13, 14, 3, 14, 14, 13, 13",4522,1424,6150,5234,0
"3, 14, 14, 14, 14, 13, 13, 13, 2",4533,1401,6162,5233.5,0
"3, 14, 14, 13, 13, 13, 13, 14, 3",4523,1411,6162,5228.5,0
"14, 14, 3, 13, 14, 13, 13, 3, 13",4634,1188,6274,5228,0
"3, 13, 3, 13, 14, 14, 13, 13, 14",4601,1254,6241,5228,0
"2, 14, 13, 14, 15, 14, 13, 13, 2",4559,1336,6201,5227,0
"14, 3, 14, 13, 3, 13, 13, 14, 13",4546,1359,6191,5225.5,0
"14, 13, 13, 3, 14, 3, 13, 13, 14",4697,1053,6346,5223.5,0
"3, 14, 14, 14, 14, 13, 13, 12, 3",4558,1330,6208,5223,0
"3, 13, 14, 13, 3, 14, 14, 13, 13",4486,1472,6138,5222,0
"4, 13, 14, 14, 1, 13, 13, 14, 14",4481,1480,6135,5221,0
"14, 13, 3, 13, 14, 13, 3, 13, 14",4665,1103,6328,5216.5,0
"3, 13, 14, 13, 3, 14, 13, 14, 13",4475,1477,6144,5213.5,0
"7, 12, 12, 13, 1, 18, 14, 13, 10",4794,838,6464,5213,0
"13, 4, 12, 5, 13, 12, 12, 15, 14",4863,696,6537,5211,0
"13, 14, 14, 13, 3, 13, 13, 14, 3",4498,1425,6173,5210.5,0
"3, 14, 14, 14, 3, 13, 13, 13, 13",4459,1497,6140,5207.5,0
"3, 13, 14, 14, 3, 13, 13, 14, 13",4467,1479,6150,5206.5,0
"4, 13, 14, 13, 4, 12, 14, 14, 12",4611,1190,6295,5206,0
"14, 5, 13, 12, 13, 14, 3, 12, 14",4773,865,6458,5205.5,0
"2, 13, 14, 14, 13, 13, 13, 4, 14",4581,1248,6267,5205,0
"3, 14, 13, 14, 13, 4, 13, 13, 13",4599,1208,6289,5203,0
"33, 3, 12, 20, 16, 8, 4, 3, 1",4972,459,6665,5201.5,0
"0, 5, 13, 12, 14, 14, 14, 14, 14",4620,1163,6313,5201.5,0
"8, 13, 10, 9, 7, 14, 15, 12, 12",4862,675,6559,5199.5,0
"12, 15, 9, 15, 11, 9, 11, 9, 9",4916,555,6625,5193.5,0
"3, 14, 14, 13, 3, 13, 13, 14, 13",4432,1518,6146,5191,0
"3, 14, 14, 13, 3, 13, 13, 14, 13",4432,1518,6146,5191,0
"3, 14, 14, 13, 3, 13, 13, 14, 13",4432,1518,6146,5191,0
"3, 14, 14, 13, 3, 13, 13, 14, 13",4432,1518,6146,5191,0
"3, 14, 14, 13, 3, 13, 13, 14, 13",4432,1518,6146,5191,0
"3, 14, 14, 13, 3, 13, 13, 14, 13",4432,1518,6146,5191,0
"3, 14, 14, 13, 3, 13, 13, 14, 13",4432,1518,6146,5191,0
"3, 14, 14, 13, 3, 13, 13, 14, 13",4432,1518,6146,5191,0
"3, 14, 14, 13, 3, 13, 13, 14, 13",4432,1518,6146,5191,0
"3, 14, 14, 13, 3, 13, 13, 14, 13",4432,1518,6146,5191,0
"3, 14, 14, 13, 3, 13, 13, 14, 13",4432,1518,6146,5191,0
"3, 14, 14, 13, 3, 13, 13, 14, 13",4432,1518,6146,5191,0
"3, 14, 14, 13, 3, 13, 13, 14, 13",4432,1518,6146,5191,0
"3, 14, 14, 13, 3, 13, 13, 14, 13",4432,1518,6146,5191,0
"3, 14, 14, 13, 3, 13, 13, 14, 13",4432,1518,6146,5191,0
"3, 14, 14, 13, 3, 13, 13, 14, 13",4432,1518,6146,5191,0
"3, 14, 14, 13, 3, 13, 13, 14, 13",4432,1518,6146,5191,0
"3, 14, 14, 13, 3, 13, 13, 14, 13",4432,1518,6146,5191,0
"3, 14, 14, 13, 3, 13, 13, 14, 13",4432,1518,6146,5191,0
"3, 14, 14, 13, 3, 13, 13, 14, 13",4432,1518,6146,5191,0
"14, 14, 13, 3, 3, 13, 13, 13, 14",4551,1278,6267,5190,0
"4, 14, 13, 12, 15, 13, 3, 14, 12",4659,1062,6375,5190,0
"4, 14, 14, 13, 2, 13, 13, 14, 13",4453,1468,6175,5187,0
"8, 14, 13, 13, 6, 13, 12, 7, 14",4698,966,6432,5181,0
"0, 5, 14, 14, 14, 14, 13, 13, 13",4538,1279,6279,5177.5,0
"13, 14, 13, 13, 3, 4, 14, 13, 13",4558,1238,6300,5177,0
"3, 14, 13, 13, 3, 13, 14, 13, 14",4450,1449,6197,5174.5,0
"3, 13, 13, 13, 3, 13, 14, 14, 14",4458,1431,6207,5173.5,0
"3, 13, 13, 13, 3, 13, 14, 14, 14",4458,1431,6207,5173.5,0
"5, 15, 10, 11, 12, 12, 10, 15, 10",4845,655,6596,5172.5,0
"14, 14, 13, 13, 15, 13, 13, 2, 3",4555,1222,6319,5166,0
"14, 13, 14, 4, 12, 13, 13, 13, 4",4610,1103,6383,5161.5,0
"4, 13, 12, 13, 4, 14, 13, 14, 13",4538,1243,6315,5159.5,0
"14, 3, 14, 13, 4, 13, 13, 13, 13",4522,1274,6300,5159,0
"3, 13, 14, 13, 14, 14, 13, 13, 3",4479,1355,6262,5156.5,0
"13, 13, 13, 14, 13, 3, 5, 13, 13",4660,989,6447,5154.5,0
"14, 13, 13, 13, 14, 14, 13, 3, 3",4562,1184,6350,5154,0
"3, 13, 14, 13, 4, 14, 13, 13, 13",4451,1392,6253,5147,0
"4, 13, 13, 13, 5, 13, 15, 12, 12",4609,1070,6417,5144,0
"14, 14, 14, 13, 3, 13, 13, 13, 3",4437,1408,6251,5141,0
"14, 14, 14, 13, 13, 9, 7, 9, 7",4739,803,6554,5140.5,0
"14, 13, 13, 13, 14, 13, 14, 3, 3",4538,1202,6356,5139,0
"4, 4, 14, 13, 13, 13, 13, 13, 13",4537,1201,6358,5137.5,0
"10, 15, 10, 10, 10, 15, 10, 10, 10",4850,573,6673,5136.5,0
"9, 13, 12, 10, 11, 7, 14, 15, 9",4811,651,6634,5136.5,0
"4, 13, 14, 13, 3, 13, 13, 14, 13",4428,1409,6259,5132.5,0
"3, 14, 13, 13, 4, 13, 14, 13, 13",4428,1401,6267,5128.5,0
"3, 13, 14, 13, 4, 13, 13, 14, 13",4416,1415,6265,5123.5,0
"13, 14, 13, 13, 4, 12, 13, 14, 4",4540,1149,6407,5114.5,0
"2, 13, 13, 14, 5, 13, 14, 13, 13",4438,1335,6323,5105.5,0
"13, 14, 13, 7, 7, 13, 13, 13, 7",4632,946,6518,5105,0
"5, 14, 14, 13, 10, 13, 12, 7, 12",4610,977,6509,5098.5,0
"2, 2, 2, 12, 12, 13, 21, 2, 34",4797,567,6732,5080.5,0
"13, 13, 14, 13, 4, 13, 4, 13, 13",4479,1201,6416,5079.5,0
"4, 13, 13, 14, 4, 13, 13, 13, 13",4440,1276,6380,5078,0
"13, 13, 5, 13, 2, 13, 14, 13, 14",4468,1212,6416,5074,0
"12, 13, 13, 14, 1, 16, 8, 12, 11",4611,906,6579,5064,0
"4, 14, 13, 13, 4, 13, 13, 13, 13",4405,1315,6376,5062.5,0
"4, 13, 13, 13, 4, 13, 13, 14, 13",4413,1297,6386,5061.5,0
"13, 5, 13, 10, 15, 5, 13, 13, 13",4631,854,6611,5058,0
"8, 12, 9, 15, 14, 7, 12, 10, 13",4769,575,6752,5056.5,0
"6, 14, 13, 13, 0, 13, 14, 13, 14",4399,1301,6396,5049.5,0
"13, 13, 4, 13, 13, 5, 13, 13, 13",4557,955,6584,5034.5,0
"13, 4, 12, 13, 6, 13, 12, 13, 14",4560,929,6607,5024.5,0
"14, 9, 13, 8, 15, 12, 8, 7, 14",4723,601,6772,5023.5,0
"11, 10, 12, 15, 10, 9, 10, 14, 9",4741,562,6793,5022,0
"13, 4, 13, 13, 5, 13, 13, 13, 13",4450,1139,6507,5019.5,0
"2, 10, 10, 6, 20, 5, 30, 10, 7",4861,302,6933,5012,0
"5, 13, 13, 13, 13, 13, 4, 13, 13",4472,1076,6548,5010,0
"16, 13, 13, 13, 3, 13, 13, 13, 3",4397,1221,6478,5007.5,0
"13, 13, 13, 13, 13, 5, 13, 4, 13",4523,951,6622,4998.5,0
"13, 13, 13, 4, 13, 13, 5, 13, 13",4523,950,6623,4998,0
"4, 0, 20, 0, 50, 0, 20, 0, 6",4794,399,6903,4993.5,0
"16, 14, 13, 12, 11, 10, 9, 8, 7",4711,564,6821,4993,0
"13, 13, 13, 13, 5, 13, 4, 13, 13",4429,1119,6548,4988.5,0
"14, 13, 13, 13, 4, 13, 13, 13, 4",4384,1202,6510,4985,0
"5, 5, 13, 13, 13, 13, 13, 13, 12",4483,1002,6611,4984,0
"14, 6, 13, 13, 0, 14, 13, 13, 14",4391,1180,6525,4981,0
"9, 13, 13, 13, 6, 13, 13, 13, 7",4489,982,6625,4980,0
"13, 5, 13, 13, 13, 5, 13, 12, 13",4542,867,6687,4975.5,0
"4, 13, 13, 13, 5, 13, 13, 13, 13",4354,1242,6500,4975,0
"4, 13, 13, 13, 5, 13, 13, 13, 13",4354,1242,6500,4975,0
"5, 13, 13, 13, 4, 13, 13, 13, 13",4360,1219,6517,4969.5,0
"5, 13, 13, 13, 4, 13, 13, 13, 13",4360,1219,6517,4969.5,0
"13, 13, 13, 13, 5, 13, 13, 13, 4",4386,1164,6546,4968,0
"13, 13, 13, 13, 5, 13, 13, 13, 4",4386,1164,6546,4968,0
"13, 13, 13, 13, 5, 13, 13, 13, 4",4386,1164,6546,4968,0
"13, 13, 13, 13, 5, 13, 13, 13, 4",4386,1164,6546,4968,0
"4, 13, 13, 13, 13, 13, 13, 13, 5",4410,1115,6571,4967.5,0
"13, 13, 5, 13, 4, 13, 13, 13, 13",4402,1128,6566,4966,0
"13, 13, 13, 13, 12, 13, 5, 13, 5",4477,976,6643,4965,0
"13, 13, 13, 13, 13, 13, 5, 13, 4",4453,1019,6624,4962.5,0
"12, 2, 11, 14, 11, 13, 11, 14, 12",4541,842,6713,4962,0
"13, 13, 13, 13, 13, 13, 13, 5, 4",4442,1037,6617,4960.5,0
"5, 13, 13, 13, 5, 13, 13, 13, 12",4394,1123,6579,4955.5,0
"15, 10, 10, 15, 10, 10, 10, 10, 10",4709,467,6920,4942.5,0
"13, 13, 13, 13, 4, 13, 13, 13, 5",4373,1135,6588,4940.5,0
"7, 12, 13, 7, 10, 11, 13, 13, 14",4577,715,6804,4934.5,0
"15, 14, 13, 12, 11, 10, 9, 8, 8",4610,598,6888,4909,0
"5, 14, 14, 13, 2, 13, 13, 1, 15",4248,1312,6536,4904,0
"13, 6, 13, 13, 11, 12, 13, 13, 6",4495,806,6795,4898,0
"7, 5, 13, 12, 12, 12, 13, 13, 13",4482,778,6836,4871,0
"15, 10, 10, 10, 10, 10, 10, 10, 15",4640,421,7035,4850.5,0
"13, 13, 13, 13, 22, 13, 0, 13, 0",4359,974,6763,4846,0
"12, 11, 15, 12, 0, 14, 13, 13, 10",4363,953,6780,4839.5,0
"14, 12, 13, 13, 11, 5, 10, 13, 9",4466,719,6911,4825.5,0
"10, 14, 10, 12, 8, 12, 10, 14, 10",4518,614,6964,4825,0
"14, 14, 14, 10, 0, 10, 13, 11, 14",4316,1006,6774,4819,0
"15, 11, 11, 10, 12, 13, 4, 13, 11",4468,672,6956,4804,0
"10, 10, 10, 10, 15, 10, 10, 10, 15",4594,410,7092,4799,0
"0, 14, 12, 14, 12, 14, 10, 12, 12",4323,929,6844,4787.5,0
"11, 12, 13, 13, 12, 1, 12, 13, 13",4349,849,6898,4773.5,0
"13, 13, 13, 13, 2, 7, 13, 13, 13",4224,1092,6780,4770,0
"1, 1, 11, 10, 1, 27, 27, 10, 12",4522,492,7082,4768,0
"14, 14, 13, 11, 11, 10, 9, 9, 9",4477,580,7039,4767,0
"1, 1, 1, 3, 1, 3, 20, 50, 20",4464,606,7026,4767,0
"11, 12, 14, 9, 14, 12, 12, 10, 6",4493,547,7056,4766.5,0
"13, 10, 10, 12, 12, 14, 12, 12, 5",4472,589,7035,4766.5,0
"0, 11, 12, 17, 12, 11, 12, 13, 12",4469,593,7034,4765.5,0
"13, 9, 13, 9, 13, 8, 13, 9, 13",4455,609,7032,4759.5,0
"9, 13, 9, 13, 9, 13, 12, 13, 9",4391,727,6978,4754.5,0
"10, 10, 11, 12, 11, 11, 9, 15, 11",4520,442,7134,4741,0
"11, 12, 11, 9, 10, 9, 12, 11, 15",4527,395,7174,4724.5,0
"1, 13, 13, 13, 8, 13, 13, 13, 13",4119,1211,6766,4724.5,0
"12, 13, 2, 13, 11, 12, 13, 12, 12",4349,734,7013,4716,0
"10, 13, 10, 13, 8, 13, 10, 13, 10",4332,752,7012,4708,0
"1, 8, 13, 13, 13, 13, 13, 13, 13",4137,1118,6841,4696,0
"13, 13, 12, 8, 13, 12, 8, 8, 13",4414,555,7127,4691.5,0
"11, 12, 10, 10, 9, 11, 11, 11, 15",4490,397,7209,4688.5,0
"10, 9, 14, 11, 12, 11, 13, 10, 10",4393,588,7115,4687,0
"13, 12, 13, 11, 8, 7, 12, 13, 11",4395,565,7136,4677.5,0
"13, 13, 13, 13, 13, 13, 13, 9, 0",4178,994,6924,4675,0
"2, 12, 12, 13, 9, 13, 13, 13, 13",4166,1009,6921,4670.5,0
"10, 13, 10, 10, 13, 10, 10, 14, 10",4393,532,7171,4659,0
"13, 12, 13, 11, 12, 12, 9, 5, 13",4367,579,7150,4656.5,0
"13, 13, 13, 12, 12, 1, 12, 12, 12",4313,685,7098,4655.5,0
"12, 12, 13, 11, 4, 11, 11, 12, 14",4322,626,7148,4635,0
"13, 12, 13, 13, 1, 13, 12, 14, 9",4116,1028,6952,4630,0
"13, 12, 13, 12, 14, 10, 12, 14, 0",4255,744,7097,4627,0
"5, 13, 10, 13, 11, 12, 12, 12, 12",4297,642,7157,4618,0
"30, 30, 30, 9, 1, 0, 0, 0, 0",4435,362,7299,4616,0
"15, 12, 12, 12, 13, 12, 12, 0, 12",4345,522,7229,4606,0
"12, 11, 12, 11, 15, 11, 12, 5, 11",4378,450,7268,4603,0
"13, 10, 11, 8, 13, 9, 11, 13, 12",4344,462,7290,4575,0
"11, 13, 11, 13, 1, 13, 12, 14, 12",4057,1027,7012,4570.5,0
"12, 12, 12, 12, 12, 13, 12, 3, 12",4273,595,7228,4570.5,0
"11, 13, 13, 12, 5, 11, 11, 12, 12",4248,634,7214,4565,0
"8, 7, 3, 10, 5, 50, 15, 1, 1",4300,524,7272,4562,0
"12, 12, 12, 13, 11, 11, 12, 11, 6",4307,505,7284,4559.5,0
"11, 9, 13, 12, 11, 11, 9, 11, 13",4290,516,7290,4548,0
"14, 10, 10, 10, 14, 10, 12, 10, 10",4341,414,7341,4548,0
"10, 13, 13, 12, 3, 12, 13, 12, 12",4160,771,7165,4545.5,0
"13, 13, 9, 13, 0, 13, 13, 13, 13",3989,1105,7002,4541.5,0
"12, 12, 12, 12, 13, 11, 13, 12, 3",4230,593,7273,4526.5,0
"12, 13, 12, 12, 13, 12, 13, 11, 2",4197,656,7243,4525,0
"11, 10, 12, 10, 15, 10, 12, 10, 10",4337,374,7385,4524,0
"13, 13, 13, 13, 1, 13, 11, 13, 10",3982,1069,7045,4516.5,0
"8, 12, 12, 12, 12, 12, 12, 12, 8",4331,365,7400,4513.5,0
"11, 13, 11, 10, 10, 10, 13, 11, 11",4252,515,7329,4509.5,0
"6, 12, 12, 12, 11, 12, 12, 11, 12",4294,410,7392,4499,0
"11, 13, 11, 13, 1, 13, 12, 13, 13",3964,1068,7064,4498,0
"13, 12, 12, 13, 13, 13, 12, 12, 0",4104,762,7230,4485,0
"12, 13, 12, 13, 2, 13, 12, 12, 11",4053,845,7198,4475.5,0
"11, 13, 12, 10, 11, 12, 12, 10, 9",4244,441,7411,4464.5,0
"13, 13, 11, 10, 11, 11, 9, 11, 11",4233,455,7408,4460.5,0
"12, 9, 12, 12, 12, 10, 12, 9, 12",4282,346,7468,4455,0
"13, 12, 9, 12, 10, 12, 9, 12, 11",4279,347,7470,4452.5,0
"12, 12, 12, 12, 12, 12, 10, 10, 8",4266,348,7482,4440,0
"12, 13, 12, 13, 0, 12, 12, 14, 12",4019,829,7248,4433.5,0
"11, 10, 13, 11, 11, 11, 11, 11, 11",4209,438,7449,4428,0
"12, 12, 11, 11, 12, 12, 8, 10, 12",4252,346,7498,4425,0
"0, 12, 12, 12, 12, 13, 13, 13, 13",3970,904,7222,4422,0
"0, 12, 12, 12, 12, 13, 13, 13, 13",3970,904,7222,4422,0
"0, 12, 12, 12, 13, 13, 12, 12, 14",4053,734,7309,4420,0
"12, 12, 12, 12, 2, 13, 12, 12, 13",4052,732,7312,4418,0
"12, 10, 12, 10, 12, 10, 12, 10, 12",4243,349,7504,4417.5,0
"0, 13, 13, 13, 12, 13, 12, 12, 12",3958,917,7221,4416.5,0
"12, 12, 13, 12, 2, 13, 12, 12, 12",4055,722,7319,4416,0
"12, 13, 12, 13, 2, 12, 12, 12, 12",4052,718,7326,4411,0
"10, 11, 12, 11, 12, 10, 12, 10, 12",4222,363,7511,4403.5,0
"10, 12, 10, 12, 12, 12, 10, 12, 10",4228,336,7532,4396,0
"12, 13, 12, 12, 2, 12, 12, 13, 12",4048,695,7353,4395.5,0
"11, 10, 11, 12, 10, 12, 11, 11, 12",4214,350,7532,4389,0
"13, 12, 12, 12, 2, 13, 12, 12, 12",4039,686,7371,4382,0
"10, 11, 12, 11, 11, 11, 12, 11, 11",4193,373,7530,4379.5,0
"12, 10, 11, 11, 12, 11, 11, 10, 12",4202,354,7540,4379,0
"10, 11, 11, 12, 12, 12, 10, 11, 11",4201,355,7540,4378.5,0
"0, 12, 12, 12, 13, 13, 13, 13, 12",3967,822,7307,4378,0
"12, 13, 12, 13, 0, 13, 12, 13, 12",3916,917,7263,4374.5,0
"12, 13, 12, 13, 0, 13, 12, 13, 12",3916,917,7263,4374.5,0
"12, 13, 12, 13, 0, 12, 13, 12, 13",3935,872,7289,4371,0
"11, 11, 11, 11, 12, 12, 11, 11, 10",4192,351,7553,4367.5,0
"11, 11, 11, 11, 11, 11, 12, 11, 11",4175,377,7544,4363.5,0
"11, 11, 11, 11, 11, 11, 12, 11, 11",4175,377,7544,4363.5,0
"11, 11, 12, 11, 11, 11, 11, 11, 11",4175,373,7548,4361.5,0
"11, 11, 12, 11, 11, 11, 11, 11, 11",4175,373,7548,4361.5,0
"11, 11, 11, 11, 11, 11, 11, 11, 12",4175,370,7551,4360,0
"11, 11, 11, 11, 11, 11, 11, 11, 12",4175,370,7551,4360,0
"11, 11, 11, 11, 11, 11, 11, 11, 12",4175,370,7551,4360,0
"11, 11, 11, 12, 11, 11, 11, 11, 11",4170,377,7549,4358.5,0
"11, 11, 11, 12, 11, 11, 11, 11, 11",4170,377,7549,4358.5,0
"11, 11, 11, 11, 11, 11, 11, 12, 11",4174,369,7553,4358.5,0
"11, 11, 11, 12, 11, 11, 11, 11, 11",4170,377,7549,4358.5,0
"11, 11, 11, 12, 11, 11, 11, 11, 11",4170,377,7549,4358.5,0
"11, 11, 11, 11, 12, 11, 11, 11, 11",4174,368,7554,4358,0
"11, 11, 11, 11, 12, 11, 11, 11, 11",4174,368,7554,4358,0
"11, 11, 11, 11, 12, 11, 11, 11, 11",4174,368,7554,4358,0
"11, 11, 11, 11, 12, 11, 11, 11, 11",4174,368,7554,4358,0
"11, 11, 11, 11, 12, 11, 11, 11, 11",4174,368,7554,4358,0
"11, 11, 11, 11, 12, 11, 11, 11, 11",4174,368,7554,4358,0
"11, 11, 11, 11, 12, 11, 11, 11, 11",4174,368,7554,4358,0
"11, 11, 11, 11, 12, 11, 11, 11, 11",4174,368,7554,4358,0
"11, 11, 11, 11, 12, 11, 11, 11, 11",4174,368,7554,4358,0
"12, 11, 11, 11, 11, 11, 11, 11, 11",4175,357,7564,4353.5,0
"12, 11, 11, 11, 11, 11, 11, 11, 11",4175,357,7564,4353.5,0
"11, 12, 11, 11, 11, 11, 11, 11, 11",4171,362,7563,4352,0
"10, 5, 10, 5, 40, 5, 10, 5, 10",4224,238,7634,4343,0
"0, 0, 0, 34, 33, 33, 0, 0, 0",4026,330,7740,4191,0
"5, 10, 5, 5, 50, 5, 5, 10, 5",4040,274,7782,4177,0
"0, 0, 0, 78, 0, 12, 0, 10, 0",2087,437,9572,2305.5,0
